experimentVersion,seed,patientCount,profile,workflow,algorithm,scenarioId,avgStepWaitSeconds,p95StepWaitSeconds,avgLosSeconds,throughputPerHour,roomUtilisationPercent,completedPatients
final-multiseed-v1,20261001,100,HOMOGENEOUS,INDEPENDENT,SYSTEM,SCN-69642A978888,1362.464,8782,8305.82,22.98850574712644,95.37037037037037,100
final-multiseed-v1,20261001,100,HOMOGENEOUS,INDEPENDENT,SHORTEST_QUEUE,SCN-69642A978888,1362.464,8782,8305.82,22.98850574712644,95.37037037037037,100
final-multiseed-v1,20261001,100,HOMOGENEOUS,INDEPENDENT,ROUND_ROBIN,SCN-69642A978888,1414.092,8232,8563.96,21.647624774503907,89.80757666867108,100
final-multiseed-v1,20261001,100,HOMOGENEOUS,INDEPENDENT,LEAST_UTILISED,SCN-69642A978888,1759.6,6355,10291.5,20.485972799180562,84.98833437660046,100
final-multiseed-v1,20261001,100,HOMOGENEOUS,INDEPENDENT,RANDOM,SCN-69642A978888,1528.908,7663,9138.04,19.42690626517727,80.59467918622849,100
final-multiseed-v1,20261002,100,HOMOGENEOUS,INDEPENDENT,SYSTEM,SCN-699E27EC0284,1381.534,9311,8412.99,23.31908278274388,97.50744915144449,100
final-multiseed-v1,20261002,100,HOMOGENEOUS,INDEPENDENT,SHORTEST_QUEUE,SCN-699E27EC0284,1381.534,9311,8412.99,23.31908278274388,97.50744915144449,100
final-multiseed-v1,20261002,100,HOMOGENEOUS,INDEPENDENT,ROUND_ROBIN,SCN-699E27EC0284,1434.982,8460,8680.23,21.498954911914005,89.89668557778441,100
final-multiseed-v1,20261002,100,HOMOGENEOUS,INDEPENDENT,LEAST_UTILISED,SCN-699E27EC0284,1778.724,6773,10398.94,21.231422505307854,88.77801368247228,100
final-multiseed-v1,20261002,100,HOMOGENEOUS,INDEPENDENT,RANDOM,SCN-699E27EC0284,1582.426,8262,9417.45,19.27710843373494,80.60615796519411,100
final-multiseed-v1,20261003,100,HOMOGENEOUS,INDEPENDENT,SYSTEM,SCN-979250DDEA4C,1387.432,8688,8438.18,22.754566715125463,94.87516591871564,100
final-multiseed-v1,20261003,100,HOMOGENEOUS,INDEPENDENT,SHORTEST_QUEUE,SCN-979250DDEA4C,1387.432,8688,8438.18,22.754566715125463,94.87516591871564,100
final-multiseed-v1,20261003,100,HOMOGENEOUS,INDEPENDENT,ROUND_ROBIN,SCN-979250DDEA4C,1432.07,8009,8661.37,21.976680300347965,91.63176851230084,100
final-multiseed-v1,20261003,100,HOMOGENEOUS,INDEPENDENT,LEAST_UTILISED,SCN-979250DDEA4C,1780.172,6809,10401.88,19.91480887315373,83.03479559661449,100
final-multiseed-v1,20261003,100,HOMOGENEOUS,INDEPENDENT,RANDOM,SCN-979250DDEA4C,1506.476,7309,9033.4,21.368789695494748,89.09716863536534,100
final-multiseed-v1,20261004,100,HOMOGENEOUS,INDEPENDENT,SYSTEM,SCN-F222EF2DBD00,1378.008,9020,8390.13,22.865853658536587,95.28010670731707,100
final-multiseed-v1,20261004,100,HOMOGENEOUS,INDEPENDENT,SHORTEST_QUEUE,SCN-F222EF2DBD00,1378.008,9020,8390.13,22.865853658536587,95.28010670731707,100
final-multiseed-v1,20261004,100,HOMOGENEOUS,INDEPENDENT,ROUND_ROBIN,SCN-F222EF2DBD00,1448.232,8149,8741.25,21.957913998170177,91.4967978042086,100
final-multiseed-v1,20261004,100,HOMOGENEOUS,INDEPENDENT,LEAST_UTILISED,SCN-F222EF2DBD00,1665.39,8426,9827.04,20.27712064886786,84.49307198377831,100
final-multiseed-v1,20261004,100,HOMOGENEOUS,INDEPENDENT,RANDOM,SCN-F222EF2DBD00,1492.354,8336,8961.86,20.791221484262202,86.63528732313023,100
final-multiseed-v1,20261005,100,HOMOGENEOUS,INDEPENDENT,SYSTEM,SCN-73A95516A2A1,1381.748,8743,8410.23,23.10506385982928,96.36672870804185,100
final-multiseed-v1,20261005,100,HOMOGENEOUS,INDEPENDENT,SHORTEST_QUEUE,SCN-73A95516A2A1,1381.748,8743,8410.23,23.10506385982928,96.36672870804185,100
final-multiseed-v1,20261005,100,HOMOGENEOUS,INDEPENDENT,ROUND_ROBIN,SCN-73A95516A2A1,1445.612,8244,8729.55,21.56592583717726,89.94728329239801,100
final-multiseed-v1,20261005,100,HOMOGENEOUS,INDEPENDENT,LEAST_UTILISED,SCN-73A95516A2A1,1726.166,6500,10132.32,20.60321639100326,85.9320093859097,100
final-multiseed-v1,20261005,100,HOMOGENEOUS,INDEPENDENT,RANDOM,SCN-73A95516A2A1,1490.958,8094,8956.28,20.069126992975807,83.70442635745346,100
final-multiseed-v1,20261006,100,HOMOGENEOUS,INDEPENDENT,SYSTEM,SCN-246DD0B701FB,1380.962,8833,8408.55,22.360248447204967,93.4,100
final-multiseed-v1,20261006,100,HOMOGENEOUS,INDEPENDENT,SHORTEST_QUEUE,SCN-246DD0B701FB,1380.962,8833,8408.55,22.360248447204967,93.4,100
final-multiseed-v1,20261006,100,HOMOGENEOUS,INDEPENDENT,ROUND_ROBIN,SCN-246DD0B701FB,1412.058,7834,8564.03,21.560759417859494,90.06048990836678,100
final-multiseed-v1,20261006,100,HOMOGENEOUS,INDEPENDENT,LEAST_UTILISED,SCN-246DD0B701FB,1652.736,8459,9767.42,20.403536613012925,85.22670596236682,100
final-multiseed-v1,20261006,100,HOMOGENEOUS,INDEPENDENT,RANDOM,SCN-246DD0B701FB,1548.378,7660,9245.63,18.82156114393266,78.61870654049251,100
final-multiseed-v1,20261007,100,HOMOGENEOUS,INDEPENDENT,SYSTEM,SCN-E972B36CD28F,1411.8,8802,8581.65,22.816580048168333,96.50462669539866,100
final-multiseed-v1,20261007,100,HOMOGENEOUS,INDEPENDENT,SHORTEST_QUEUE,SCN-E972B36CD28F,1411.8,8802,8581.65,22.816580048168333,96.50462669539866,100
final-multiseed-v1,20261007,100,HOMOGENEOUS,INDEPENDENT,ROUND_ROBIN,SCN-E972B36CD28F,1429.678,9046,8671.04,21.525950729490553,91.04580243960774,100
final-multiseed-v1,20261007,100,HOMOGENEOUS,INDEPENDENT,LEAST_UTILISED,SCN-E972B36CD28F,1726.526,7003,10155.28,20.63865160809494,87.29289686407154,100
final-multiseed-v1,20261007,100,HOMOGENEOUS,INDEPENDENT,RANDOM,SCN-E972B36CD28F,1538.972,7885,9217.51,20.138733497426717,85.17845155515775,100
final-multiseed-v1,20261008,100,HOMOGENEOUS,INDEPENDENT,SYSTEM,SCN-A3C7485F47E9,1374.35,8853,8365.96,23.065094823167605,95.73359815479242,100
final-multiseed-v1,20261008,100,HOMOGENEOUS,INDEPENDENT,SHORTEST_QUEUE,SCN-A3C7485F47E9,1374.35,8853,8365.96,23.065094823167605,95.73359815479242,100
final-multiseed-v1,20261008,100,HOMOGENEOUS,INDEPENDENT,ROUND_ROBIN,SCN-A3C7485F47E9,1416.12,8338,8574.81,21.828765462042202,90.60211011399466,100
final-multiseed-v1,20261008,100,HOMOGENEOUS,INDEPENDENT,LEAST_UTILISED,SCN-A3C7485F47E9,1723.802,7289,10113.22,20.19522046449007,83.82194547290474,100
final-multiseed-v1,20261008,100,HOMOGENEOUS,INDEPENDENT,RANDOM,SCN-A3C7485F47E9,1467.478,8109,8831.6,20.664714999138972,85.77062166350956,100
final-multiseed-v1,20261009,100,HOMOGENEOUS,INDEPENDENT,SYSTEM,SCN-DE9C3DE2C881,1367.55,8954,8339.39,22.624434389140273,94.37154348919054,100
final-multiseed-v1,20261009,100,HOMOGENEOUS,INDEPENDENT,SHORTEST_QUEUE,SCN-DE9C3DE2C881,1367.55,8954,8339.39,22.624434389140273,94.37154348919054,100
final-multiseed-v1,20261009,100,HOMOGENEOUS,INDEPENDENT,ROUND_ROBIN,SCN-DE9C3DE2C881,1425.63,8043,8629.79,21.984732824427482,91.70320610687021,100
final-multiseed-v1,20261009,100,HOMOGENEOUS,INDEPENDENT,LEAST_UTILISED,SCN-DE9C3DE2C881,1713.796,6639,10070.62,21.525950729490553,89.78952403731166,100
final-multiseed-v1,20261009,100,HOMOGENEOUS,INDEPENDENT,RANDOM,SCN-DE9C3DE2C881,1604.926,7420,9526.27,18.262987012987015,76.17897727272728,100
final-multiseed-v1,20261010,100,HOMOGENEOUS,INDEPENDENT,SYSTEM,SCN-5C7B945C969F,1367.404,8774,8329.15,23.157082207641835,95.98160298469058,100
final-multiseed-v1,20261010,100,HOMOGENEOUS,INDEPENDENT,SHORTEST_QUEUE,SCN-5C7B945C969F,1367.404,8774,8329.15,23.157082207641835,95.98160298469058,100
final-multiseed-v1,20261010,100,HOMOGENEOUS,INDEPENDENT,ROUND_ROBIN,SCN-5C7B945C969F,1416.2,8404,8573.13,22.26069750185506,92.26626267623053,100
final-multiseed-v1,20261010,100,HOMOGENEOUS,INDEPENDENT,LEAST_UTILISED,SCN-5C7B945C969F,1684.66,7490,9915.43,20.12634874489853,83.41980209090403,100
final-multiseed-v1,20261010,100,HOMOGENEOUS,INDEPENDENT,RANDOM,SCN-5C7B945C969F,1549.986,8297,9242.06,19.87193640980349,82.36531243100023,100
final-multiseed-v1,20261011,100,HOMOGENEOUS,INDEPENDENT,SYSTEM,SCN-A8730454E31D,1386.486,9069,8447.69,22.58327582962173,95.05426259331283,100
final-multiseed-v1,20261011,100,HOMOGENEOUS,INDEPENDENT,SHORTEST_QUEUE,SCN-A8730454E31D,1386.486,9069,8447.69,22.58327582962173,95.05426259331283,100
final-multiseed-v1,20261011,100,HOMOGENEOUS,INDEPENDENT,ROUND_ROBIN,SCN-A8730454E31D,1439.258,8219,8711.55,21.35991456034176,89.90506704639849,100
final-multiseed-v1,20261011,100,HOMOGENEOUS,INDEPENDENT,LEAST_UTILISED,SCN-A8730454E31D,1728.006,7598,10155.29,20.873195338319707,87.8564388009509,100
final-multiseed-v1,20261011,100,HOMOGENEOUS,INDEPENDENT,RANDOM,SCN-A8730454E31D,1600.73,7333,9518.91,19.31745009658725,81.30822064820777,100
final-multiseed-v1,20261012,100,HOMOGENEOUS,INDEPENDENT,SYSTEM,SCN-AEEDA7542480,1368.27,8993,8341.52,23.203351595230423,96.69158878504672,100
final-multiseed-v1,20261012,100,HOMOGENEOUS,INDEPENDENT,SHORTEST_QUEUE,SCN-AEEDA7542480,1368.27,8993,8341.52,23.203351595230423,96.69158878504672,100
final-multiseed-v1,20261012,100,HOMOGENEOUS,INDEPENDENT,ROUND_ROBIN,SCN-AEEDA7542480,1416.556,8233,8582.95,21.607346497809257,90.04081387671809,100
final-multiseed-v1,20261012,100,HOMOGENEOUS,INDEPENDENT,LEAST_UTILISED,SCN-AEEDA7542480,1673.214,7866,9866.24,20.41394953218032,85.06776297136376,100
final-multiseed-v1,20261012,100,HOMOGENEOUS,INDEPENDENT,RANDOM,SCN-AEEDA7542480,1501.992,8204,9010.13,19.93797075764289,83.08429330970314,100
final-multiseed-v1,20261013,100,HOMOGENEOUS,INDEPENDENT,SYSTEM,SCN-101C66B1B050,1370.938,8954,8355.55,22.694320115993193,94.61388135913762,100
final-multiseed-v1,20261013,100,HOMOGENEOUS,INDEPENDENT,SHORTEST_QUEUE,SCN-101C66B1B050,1370.938,8954,8355.55,22.694320115993193,94.61388135913762,100
final-multiseed-v1,20261013,100,HOMOGENEOUS,INDEPENDENT,ROUND_ROBIN,SCN-101C66B1B050,1423.608,8115,8618.9,22.267582111709036,92.83478691161007,100
final-multiseed-v1,20261013,100,HOMOGENEOUS,INDEPENDENT,LEAST_UTILISED,SCN-101C66B1B050,1727.592,6155,10138.82,21.069881774552265,87.84150766709587,100
final-multiseed-v1,20261013,100,HOMOGENEOUS,INDEPENDENT,RANDOM,SCN-101C66B1B050,1605.262,8200,9527.17,18.43034864076179,76.8371473915937,100
final-multiseed-v1,20261014,100,HOMOGENEOUS,INDEPENDENT,SYSTEM,SCN-A44F4EA32CF8,1370.498,9044,8342.39,22.588943966869547,93.48685448955261,100
final-multiseed-v1,20261014,100,HOMOGENEOUS,INDEPENDENT,SHORTEST_QUEUE,SCN-A44F4EA32CF8,1370.498,9044,8342.39,22.588943966869547,93.48685448955261,100
final-multiseed-v1,20261014,100,HOMOGENEOUS,INDEPENDENT,ROUND_ROBIN,SCN-A44F4EA32CF8,1408.3,8407,8531.4,21.986075485525834,90.99181629412485,100
final-multiseed-v1,20261014,100,HOMOGENEOUS,INDEPENDENT,LEAST_UTILISED,SCN-A44F4EA32CF8,1663.97,6651,9809.75,20.84177618248133,86.25600648410816,100
final-multiseed-v1,20261014,100,HOMOGENEOUS,INDEPENDENT,RANDOM,SCN-A44F4EA32CF8,1627.154,8642,9625.67,18.75879318430514,77.63534990360066,100
final-multiseed-v1,20261015,100,HOMOGENEOUS,INDEPENDENT,SYSTEM,SCN-C28079BFD1CE,1403.148,9046,8531.17,22.611644997173542,95.18434771685196,100
final-multiseed-v1,20261015,100,HOMOGENEOUS,INDEPENDENT,SHORTEST_QUEUE,SCN-C28079BFD1CE,1403.148,9046,8531.17,22.611644997173542,95.18434771685196,100
final-multiseed-v1,20261015,100,HOMOGENEOUS,INDEPENDENT,ROUND_ROBIN,SCN-C28079BFD1CE,1440.928,8502,8720.07,22.15930075095408,93.28019204727318,100
final-multiseed-v1,20261015,100,HOMOGENEOUS,INDEPENDENT,LEAST_UTILISED,SCN-C28079BFD1CE,1823.68,6354,10633.83,20.503474199794965,86.3099441849869,100
final-multiseed-v1,20261015,100,HOMOGENEOUS,INDEPENDENT,RANDOM,SCN-C28079BFD1CE,1569.822,7525,9364.54,19.88510826336721,83.70691559876272,100
final-multiseed-v1,20261016,100,HOMOGENEOUS,INDEPENDENT,SYSTEM,SCN-AB7277A0B876,1367.544,9459,8338.63,23.006134969325153,95.91705010224948,100
final-multiseed-v1,20261016,100,HOMOGENEOUS,INDEPENDENT,SHORTEST_QUEUE,SCN-AB7277A0B876,1367.544,9459,8338.63,23.006134969325153,95.91705010224948,100
final-multiseed-v1,20261016,100,HOMOGENEOUS,INDEPENDENT,ROUND_ROBIN,SCN-AB7277A0B876,1425.416,8214,8627.99,21.26654064272212,88.66434310018903,100
final-multiseed-v1,20261016,100,HOMOGENEOUS,INDEPENDENT,LEAST_UTILISED,SCN-AB7277A0B876,1675.976,7733,9880.79,21.115607953545666,88.0350753709895,100
final-multiseed-v1,20261016,100,HOMOGENEOUS,INDEPENDENT,RANDOM,SCN-AB7277A0B876,1484.396,8098,8922.89,19.74441945922229,82.31832391817035,100
final-multiseed-v1,20261017,100,HOMOGENEOUS,INDEPENDENT,SYSTEM,SCN-47DBBC22283D,1376.998,9119,8389.61,23.230302639220497,97.09104988062207,100
final-multiseed-v1,20261017,100,HOMOGENEOUS,INDEPENDENT,SHORTEST_QUEUE,SCN-47DBBC22283D,1376.998,9119,8389.61,23.230302639220497,97.09104988062207,100
final-multiseed-v1,20261017,100,HOMOGENEOUS,INDEPENDENT,ROUND_ROBIN,SCN-47DBBC22283D,1428.646,8031,8647.85,21.595680863827234,90.2591481703659,100
final-multiseed-v1,20261017,100,HOMOGENEOUS,INDEPENDENT,LEAST_UTILISED,SCN-47DBBC22283D,1741.938,6494,10214.31,20.915640250987682,87.41691842900303,100
final-multiseed-v1,20261017,100,HOMOGENEOUS,INDEPENDENT,RANDOM,SCN-47DBBC22283D,1521.508,7752,9112.16,20.03338898163606,83.72954924874792,100
final-multiseed-v1,20261018,100,HOMOGENEOUS,INDEPENDENT,SYSTEM,SCN-67F5C697BABD,1393.78,9419,8484.64,22.774720060732587,95.89042829126336,100
final-multiseed-v1,20261018,100,HOMOGENEOUS,INDEPENDENT,SHORTEST_QUEUE,SCN-67F5C697BABD,1393.78,9419,8484.64,22.774720060732587,95.89042829126336,100
final-multiseed-v1,20261018,100,HOMOGENEOUS,INDEPENDENT,ROUND_ROBIN,SCN-67F5C697BABD,1429.23,8336,8661.89,21.368789695494748,89.97091470291446,100
final-multiseed-v1,20261018,100,HOMOGENEOUS,INDEPENDENT,LEAST_UTILISED,SCN-67F5C697BABD,1810.826,6929,10569.87,20.491803278688526,86.27846083788707,100
final-multiseed-v1,20261018,100,HOMOGENEOUS,INDEPENDENT,RANDOM,SCN-67F5C697BABD,1527.644,8433,9153.96,20.455707710665376,86.12648445934427,100
final-multiseed-v1,20261019,100,HOMOGENEOUS,INDEPENDENT,SYSTEM,SCN-E9332F137558,1362.376,8789,8305.55,23.022318859116197,95.52151947304472,100
final-multiseed-v1,20261019,100,HOMOGENEOUS,INDEPENDENT,SHORTEST_QUEUE,SCN-E9332F137558,1362.376,8789,8305.55,23.022318859116197,95.52151947304472,100
final-multiseed-v1,20261019,100,HOMOGENEOUS,INDEPENDENT,ROUND_ROBIN,SCN-E9332F137558,1428.174,7602,8634.54,21.964612568639414,91.13300793166566,100
final-multiseed-v1,20261019,100,HOMOGENEOUS,INDEPENDENT,LEAST_UTILISED,SCN-E9332F137558,1760.282,7491,10295.08,17.916687403573384,74.3378290947096,100
final-multiseed-v1,20261019,100,HOMOGENEOUS,INDEPENDENT,RANDOM,SCN-E9332F137558,1505.434,7619,9020.84,20.404693079408265,84.66077197755483,100
final-multiseed-v1,20261020,100,HOMOGENEOUS,INDEPENDENT,SYSTEM,SCN-74E807216E97,1388.69,8961,8446.67,22.887659736791914,95.56996630427872,100
final-multiseed-v1,20261020,100,HOMOGENEOUS,INDEPENDENT,SHORTEST_QUEUE,SCN-74E807216E97,1388.69,8961,8446.67,22.887659736791914,95.56996630427872,100
final-multiseed-v1,20261020,100,HOMOGENEOUS,INDEPENDENT,ROUND_ROBIN,SCN-74E807216E97,1422.21,7944,8614.27,21.571094733057702,90.07250284618611,100
final-multiseed-v1,20261020,100,HOMOGENEOUS,INDEPENDENT,LEAST_UTILISED,SCN-74E807216E97,1780.08,6628,10403.62,20.179372197309416,84.26121076233184,100
final-multiseed-v1,20261020,100,HOMOGENEOUS,INDEPENDENT,RANDOM,SCN-74E807216E97,1631.346,8916,9659.95,19.093078758949883,79.72527181119065,100
final-multiseed-v1,20261021,100,HOMOGENEOUS,INDEPENDENT,SYSTEM,SCN-5BEA8BAC3E3D,1399.15,8961,8507.39,23.010546500479386,96.62128475551296,100
final-multiseed-v1,20261021,100,HOMOGENEOUS,INDEPENDENT,SHORTEST_QUEUE,SCN-5BEA8BAC3E3D,1399.15,8961,8507.39,23.010546500479386,96.62128475551296,100
final-multiseed-v1,20261021,100,HOMOGENEOUS,INDEPENDENT,ROUND_ROBIN,SCN-5BEA8BAC3E3D,1427.836,8590,8650.82,21.452833561766283,90.08044812585662,100
final-multiseed-v1,20261021,100,HOMOGENEOUS,INDEPENDENT,LEAST_UTILISED,SCN-5BEA8BAC3E3D,1674.732,7405,9885.3,20.370056017654047,85.53386521812935,100
final-multiseed-v1,20261021,100,HOMOGENEOUS,INDEPENDENT,RANDOM,SCN-5BEA8BAC3E3D,1576.066,8145,9391.97,20.438287725672758,85.82037016009991,100
final-multiseed-v1,20261022,100,HOMOGENEOUS,INDEPENDENT,SYSTEM,SCN-68F38437102F,1367.464,8902,8340.43,23.118417672745952,96.52645774466993,100
final-multiseed-v1,20261022,100,HOMOGENEOUS,INDEPENDENT,SHORTEST_QUEUE,SCN-68F38437102F,1367.464,8902,8340.43,23.118417672745952,96.52645774466993,100
final-multiseed-v1,20261022,100,HOMOGENEOUS,INDEPENDENT,ROUND_ROBIN,SCN-68F38437102F,1404.428,7835,8525.25,21.92581765028321,91.54698824532554,100
final-multiseed-v1,20261022,100,HOMOGENEOUS,INDEPENDENT,LEAST_UTILISED,SCN-68F38437102F,1691.248,8100,9959.35,20.815264527320036,86.9100896212778,100
final-multiseed-v1,20261022,100,HOMOGENEOUS,INDEPENDENT,RANDOM,SCN-68F38437102F,1504.41,7420,9025.16,20.63273727647868,86.14798257679963,100
final-multiseed-v1,20261023,100,HOMOGENEOUS,INDEPENDENT,SYSTEM,SCN-FDE8B06A1752,1372.9,9048,8370.37,23.228803716608596,97.16544070202606,100
final-multiseed-v1,20261023,100,HOMOGENEOUS,INDEPENDENT,SHORTEST_QUEUE,SCN-FDE8B06A1752,1372.9,9048,8370.37,23.228803716608596,97.16544070202606,100
final-multiseed-v1,20261023,100,HOMOGENEOUS,INDEPENDENT,ROUND_ROBIN,SCN-FDE8B06A1752,1415.718,8447,8584.46,21.21765780632993,88.7528732244946,100
final-multiseed-v1,20261023,100,HOMOGENEOUS,INDEPENDENT,LEAST_UTILISED,SCN-FDE8B06A1752,1680.014,6182,9905.94,21.12676056338028,88.37265258215963,100
final-multiseed-v1,20261023,100,HOMOGENEOUS,INDEPENDENT,RANDOM,SCN-FDE8B06A1752,1508.716,7947,9049.45,20.746887966804977,86.7836560627017,100
final-multiseed-v1,20261024,100,HOMOGENEOUS,INDEPENDENT,SYSTEM,SCN-0A4A6CFDBFEA,1376.558,9027,8388.99,23.166023166023166,96.92406692406692,100
final-multiseed-v1,20261024,100,HOMOGENEOUS,INDEPENDENT,SHORTEST_QUEUE,SCN-0A4A6CFDBFEA,1376.558,9027,8388.99,23.166023166023166,96.92406692406692,100
final-multiseed-v1,20261024,100,HOMOGENEOUS,INDEPENDENT,ROUND_ROBIN,SCN-0A4A6CFDBFEA,1432.224,8157,8667.32,21.525950729490553,90.06218607988521,100
final-multiseed-v1,20261024,100,HOMOGENEOUS,INDEPENDENT,LEAST_UTILISED,SCN-0A4A6CFDBFEA,1766.088,6720,10336.64,18.39268379911102,76.95294538394728,100
final-multiseed-v1,20261024,100,HOMOGENEOUS,INDEPENDENT,RANDOM,SCN-0A4A6CFDBFEA,1574.078,8218,9376.59,18.941386930443016,79.24865831842575,100
final-multiseed-v1,20261025,100,HOMOGENEOUS,INDEPENDENT,SYSTEM,SCN-93D35AF6D5A7,1382.338,9062,8415.56,22.730142694784693,94.95327692890515,100
final-multiseed-v1,20261025,100,HOMOGENEOUS,INDEPENDENT,SHORTEST_QUEUE,SCN-93D35AF6D5A7,1382.338,9062,8415.56,22.730142694784693,94.95327692890515,100
final-multiseed-v1,20261025,100,HOMOGENEOUS,INDEPENDENT,ROUND_ROBIN,SCN-93D35AF6D5A7,1417.744,7911,8592.59,21.75095160413268,90.86278774696396,100
final-multiseed-v1,20261025,100,HOMOGENEOUS,INDEPENDENT,LEAST_UTILISED,SCN-93D35AF6D5A7,1631.606,8042,9661.9,20.232675771370765,84.52031697858709,100
final-multiseed-v1,20261025,100,HOMOGENEOUS,INDEPENDENT,RANDOM,SCN-93D35AF6D5A7,1556.548,7952,9286.61,19.769357495881383,82.58484349258649,100
final-multiseed-v1,20261026,100,HOMOGENEOUS,INDEPENDENT,SYSTEM,SCN-A83943734A07,1376.16,8871,8382.14,22.800684020520617,95.08771929824562,100
final-multiseed-v1,20261026,100,HOMOGENEOUS,INDEPENDENT,SHORTEST_QUEUE,SCN-A83943734A07,1376.16,8871,8382.14,22.800684020520617,95.08771929824562,100
final-multiseed-v1,20261026,100,HOMOGENEOUS,INDEPENDENT,ROUND_ROBIN,SCN-A83943734A07,1426.32,8524,8632.94,22.20577350111029,92.60671107821366,100
final-multiseed-v1,20261026,100,HOMOGENEOUS,INDEPENDENT,LEAST_UTILISED,SCN-A83943734A07,1736.258,7128,10182.63,21.256495040151158,88.64785073216817,100
final-multiseed-v1,20261026,100,HOMOGENEOUS,INDEPENDENT,RANDOM,SCN-A83943734A07,1538.648,7619,9194.58,19.536549628262875,81.47500949693385,100
final-multiseed-v1,20261027,100,HOMOGENEOUS,INDEPENDENT,SYSTEM,SCN-5C62D00BCE4A,1374.548,9327,8369.69,22.913881993507733,95.28037680605946,100
final-multiseed-v1,20261027,100,HOMOGENEOUS,INDEPENDENT,SHORTEST_QUEUE,SCN-5C62D00BCE4A,1374.548,9327,8369.69,22.913881993507733,95.28037680605946,100
final-multiseed-v1,20261027,100,HOMOGENEOUS,INDEPENDENT,ROUND_ROBIN,SCN-5C62D00BCE4A,1416.59,8461,8579.9,21.54398563734291,89.58408138839019,100
final-multiseed-v1,20261027,100,HOMOGENEOUS,INDEPENDENT,LEAST_UTILISED,SCN-5C62D00BCE4A,1716.728,6970,10080.59,20.34587995930824,84.60212501412909,100
final-multiseed-v1,20261027,100,HOMOGENEOUS,INDEPENDENT,RANDOM,SCN-5C62D00BCE4A,1575.26,7545,9373.25,18.912529550827426,78.64197530864197,100
final-multiseed-v1,20261028,100,HOMOGENEOUS,INDEPENDENT,SYSTEM,SCN-E9D62C7997A6,1377.85,9111,8391.02,22.818026240730177,95.18729796539267,100
final-multiseed-v1,20261028,100,HOMOGENEOUS,INDEPENDENT,SHORTEST_QUEUE,SCN-E9D62C7997A6,1377.85,9111,8391.02,22.818026240730177,95.18729796539267,100
final-multiseed-v1,20261028,100,HOMOGENEOUS,INDEPENDENT,ROUND_ROBIN,SCN-E9D62C7997A6,1416.742,8606,8585.48,21.81818181818182,91.01636363636364,100
final-multiseed-v1,20261028,100,HOMOGENEOUS,INDEPENDENT,LEAST_UTILISED,SCN-E9D62C7997A6,1776.146,6419,10382.5,20.521005529270937,85.60508464914781,100
final-multiseed-v1,20261028,100,HOMOGENEOUS,INDEPENDENT,RANDOM,SCN-E9D62C7997A6,1539.944,7666,9201.49,19.519600932603158,81.42764192376511,100
final-multiseed-v1,20261029,100,HOMOGENEOUS,INDEPENDENT,SYSTEM,SCN-84A94FF66617,1380.58,9127,8408.55,23.237800154918666,97.1888716757036,100
final-multiseed-v1,20261029,100,HOMOGENEOUS,INDEPENDENT,SHORTEST_QUEUE,SCN-84A94FF66617,1380.58,9127,8408.55,23.237800154918666,97.1888716757036,100
final-multiseed-v1,20261029,100,HOMOGENEOUS,INDEPENDENT,ROUND_ROBIN,SCN-84A94FF66617,1420.738,8856,8609.34,22.13885984871779,92.5927064756165,100
final-multiseed-v1,20261029,100,HOMOGENEOUS,INDEPENDENT,LEAST_UTILISED,SCN-84A94FF66617,1758.972,6725,10300.51,21.19517221077421,88.64586399764498,100
final-multiseed-v1,20261029,100,HOMOGENEOUS,INDEPENDENT,RANDOM,SCN-84A94FF66617,1559.834,8286,9304.82,19.074868860276588,79.7779897207651,100
final-multiseed-v1,20261030,100,HOMOGENEOUS,INDEPENDENT,SYSTEM,SCN-E496B5B1E598,1361.624,9457,8301.88,22.903677312635192,95.03499172922764,100
final-multiseed-v1,20261030,100,HOMOGENEOUS,INDEPENDENT,SHORTEST_QUEUE,SCN-E496B5B1E598,1361.624,9457,8301.88,22.903677312635192,95.03499172922764,100
final-multiseed-v1,20261030,100,HOMOGENEOUS,INDEPENDENT,ROUND_ROBIN,SCN-E496B5B1E598,1408.204,7924,8534.78,22.14158312319331,91.87280890583676,100
final-multiseed-v1,20261030,100,HOMOGENEOUS,INDEPENDENT,LEAST_UTILISED,SCN-E496B5B1E598,1711.488,6505,10051.2,21.191429244172358,87.93030374381917,100
final-multiseed-v1,20261030,100,HOMOGENEOUS,INDEPENDENT,RANDOM,SCN-E496B5B1E598,1641.434,8226,9700.93,18.17539253799162,75.41576210430657,100
final-multiseed-v1,20261001,100,HOMOGENEOUS,SEQUENTIAL,SYSTEM,SCN-CCB6D03E0D01,1502.39,10131,9005.45,21.07481559536354,87.43121414354292,100
final-multiseed-v1,20261001,100,HOMOGENEOUS,SEQUENTIAL,SHORTEST_QUEUE,SCN-CCB6D03E0D01,1502.39,10131,9005.45,21.07481559536354,87.43121414354292,100
final-multiseed-v1,20261001,100,HOMOGENEOUS,SEQUENTIAL,ROUND_ROBIN,SCN-CCB6D03E0D01,1439.742,10160,8692.21,21.474588403722265,89.08971605822,100
final-multiseed-v1,20261001,100,HOMOGENEOUS,SEQUENTIAL,LEAST_UTILISED,SCN-CCB6D03E0D01,1708.016,11271,10033.58,17.104575473939278,70.96023186202311,100
final-multiseed-v1,20261001,100,HOMOGENEOUS,SEQUENTIAL,RANDOM,SCN-CCB6D03E0D01,1810.418,10282,10545.59,17.04303365999148,70.7049188088813,100
final-multiseed-v1,20261002,100,HOMOGENEOUS,SEQUENTIAL,SYSTEM,SCN-B8301240D6BE,1508.806,10468,9049.35,20.89136490250696,87.3560817084494,100
final-multiseed-v1,20261002,100,HOMOGENEOUS,SEQUENTIAL,SHORTEST_QUEUE,SCN-B8301240D6BE,1508.806,10468,9049.35,20.89136490250696,87.3560817084494,100
final-multiseed-v1,20261002,100,HOMOGENEOUS,SEQUENTIAL,ROUND_ROBIN,SCN-B8301240D6BE,1457.68,10426,8793.72,21.136683889149836,88.38186942226397,100
final-multiseed-v1,20261002,100,HOMOGENEOUS,SEQUENTIAL,LEAST_UTILISED,SCN-B8301240D6BE,1791.094,13514,10460.79,15.71297629959408,65.7029374536249,100
final-multiseed-v1,20261002,100,HOMOGENEOUS,SEQUENTIAL,RANDOM,SCN-B8301240D6BE,1786.406,10358,10437.35,18.453021682300477,77.1602849966682,100
final-multiseed-v1,20261003,100,HOMOGENEOUS,SEQUENTIAL,SYSTEM,SCN-A2F5D5F66C78,1483.534,10322,8918.69,21.108179419525065,88.01055408970977,100
final-multiseed-v1,20261003,100,HOMOGENEOUS,SEQUENTIAL,SHORTEST_QUEUE,SCN-A2F5D5F66C78,1483.534,10322,8918.69,21.108179419525065,88.01055408970977,100
final-multiseed-v1,20261003,100,HOMOGENEOUS,SEQUENTIAL,ROUND_ROBIN,SCN-A2F5D5F66C78,1443.312,10280,8717.58,21.41454999702576,89.28796621259889,100
final-multiseed-v1,20261003,100,HOMOGENEOUS,SEQUENTIAL,LEAST_UTILISED,SCN-A2F5D5F66C78,1870.318,14377,10852.61,15.12350865400773,63.057469332885226,100
final-multiseed-v1,20261003,100,HOMOGENEOUS,SEQUENTIAL,RANDOM,SCN-A2F5D5F66C78,1771.224,10276,10357.14,18.62004758456605,77.63628840384816,100
final-multiseed-v1,20261004,100,HOMOGENEOUS,SEQUENTIAL,SYSTEM,SCN-B6E7417FF178,1531.954,10348,9159.86,20.828511918537377,86.7906734552187,100
final-multiseed-v1,20261004,100,HOMOGENEOUS,SEQUENTIAL,SHORTEST_QUEUE,SCN-B6E7417FF178,1531.954,10348,9159.86,20.828511918537377,86.7906734552187,100
final-multiseed-v1,20261004,100,HOMOGENEOUS,SEQUENTIAL,ROUND_ROBIN,SCN-B6E7417FF178,1472.896,10361,8864.57,21.035409606170386,87.65279887811148,100
final-multiseed-v1,20261004,100,HOMOGENEOUS,SEQUENTIAL,LEAST_UTILISED,SCN-B6E7417FF178,1699.156,11763,9995.87,16.690620798368027,69.54842598173303,100
final-multiseed-v1,20261004,100,HOMOGENEOUS,SEQUENTIAL,RANDOM,SCN-B6E7417FF178,1788.59,10343,10443.04,18.465326220763234,76.94347558473534,100
final-multiseed-v1,20261005,100,HOMOGENEOUS,SEQUENTIAL,SYSTEM,SCN-FAE1641602BE,1496.086,10411,8981.92,20.879248347059505,87.08328500173994,100
final-multiseed-v1,20261005,100,HOMOGENEOUS,SEQUENTIAL,SHORTEST_QUEUE,SCN-FAE1641602BE,1496.086,10411,8981.92,20.879248347059505,87.08328500173994,100
final-multiseed-v1,20261005,100,HOMOGENEOUS,SEQUENTIAL,ROUND_ROBIN,SCN-FAE1641602BE,1456.014,10352,8781.56,21.30555719950287,88.86133633189323,100
final-multiseed-v1,20261005,100,HOMOGENEOUS,SEQUENTIAL,LEAST_UTILISED,SCN-FAE1641602BE,1715.938,11712,10081.18,16.61819692563357,69.31126806074874,100
final-multiseed-v1,20261005,100,HOMOGENEOUS,SEQUENTIAL,RANDOM,SCN-FAE1641602BE,1987.098,10436,11436.98,17.07455890722823,71.21466514892809,100
final-multiseed-v1,20261006,100,HOMOGENEOUS,SEQUENTIAL,SYSTEM,SCN-70E797196039,1503.786,10341,9022.67,20.750475531730935,86.67588910023632,100
final-multiseed-v1,20261006,100,HOMOGENEOUS,SEQUENTIAL,SHORTEST_QUEUE,SCN-70E797196039,1503.786,10341,9022.67,20.750475531730935,86.67588910023632,100
final-multiseed-v1,20261006,100,HOMOGENEOUS,SEQUENTIAL,ROUND_ROBIN,SCN-70E797196039,1471.098,10317,8859.23,20.950939882441947,87.51323983006459,100
final-multiseed-v1,20261006,100,HOMOGENEOUS,SEQUENTIAL,LEAST_UTILISED,SCN-70E797196039,1821.964,13507,10613.56,15.278838808250573,63.82055852644089,100
final-multiseed-v1,20261006,100,HOMOGENEOUS,SEQUENTIAL,RANDOM,SCN-70E797196039,1802.408,10341,10515.78,18.431292238378045,76.988531640385,100
final-multiseed-v1,20261007,100,HOMOGENEOUS,SEQUENTIAL,SYSTEM,SCN-E0B1E986DC28,1503.122,10609,9038.26,20.70393374741201,87.56901311249136,100
final-multiseed-v1,20261007,100,HOMOGENEOUS,SEQUENTIAL,SHORTEST_QUEUE,SCN-E0B1E986DC28,1503.122,10609,9038.26,20.70393374741201,87.56901311249136,100
final-multiseed-v1,20261007,100,HOMOGENEOUS,SEQUENTIAL,ROUND_ROBIN,SCN-E0B1E986DC28,1457.158,10600,8808.44,20.941190157640623,88.57250887092083,100
final-multiseed-v1,20261007,100,HOMOGENEOUS,SEQUENTIAL,LEAST_UTILISED,SCN-E0B1E986DC28,1893.372,14414,10989.51,14.937759336099585,63.1804979253112,100
final-multiseed-v1,20261007,100,HOMOGENEOUS,SEQUENTIAL,RANDOM,SCN-E0B1E986DC28,1704.416,10490,10044.73,17.880202642296613,75.62580709248039,100
final-multiseed-v1,20261008,100,HOMOGENEOUS,SEQUENTIAL,SYSTEM,SCN-B31F81D14FEE,1476.772,10168,8878.07,21.215157051093172,88.05527727031645,100
final-multiseed-v1,20261008,100,HOMOGENEOUS,SEQUENTIAL,SHORTEST_QUEUE,SCN-B31F81D14FEE,1476.772,10168,8878.07,21.215157051093172,88.05527727031645,100
final-multiseed-v1,20261008,100,HOMOGENEOUS,SEQUENTIAL,ROUND_ROBIN,SCN-B31F81D14FEE,1444.094,10130,8714.68,21.34092121643251,88.5772719189045,100
final-multiseed-v1,20261008,100,HOMOGENEOUS,SEQUENTIAL,LEAST_UTILISED,SCN-B31F81D14FEE,1717.032,11878,10079.37,16.42785433969152,68.18517842475129,100
final-multiseed-v1,20261008,100,HOMOGENEOUS,SEQUENTIAL,RANDOM,SCN-B31F81D14FEE,1821.55,10071,10601.96,17.60132987825747,73.05578643719747,100
final-multiseed-v1,20261009,100,HOMOGENEOUS,SEQUENTIAL,SYSTEM,SCN-7986D8A8DCF2,1500.634,10434,9004.81,21.08469017219164,87.94892819491625,100
final-multiseed-v1,20261009,100,HOMOGENEOUS,SEQUENTIAL,SHORTEST_QUEUE,SCN-7986D8A8DCF2,1500.634,10434,9004.81,21.08469017219164,87.94892819491625,100
final-multiseed-v1,20261009,100,HOMOGENEOUS,SEQUENTIAL,ROUND_ROBIN,SCN-7986D8A8DCF2,1443.256,10434,8717.92,21.41454999702576,89.32484682648267,100
final-multiseed-v1,20261009,100,HOMOGENEOUS,SEQUENTIAL,LEAST_UTILISED,SCN-7986D8A8DCF2,1695.566,11973,9979.47,16.581456404587534,69.16493943162453,100
final-multiseed-v1,20261009,100,HOMOGENEOUS,SEQUENTIAL,RANDOM,SCN-7986D8A8DCF2,1810.544,10481,10554.36,17.961383026493042,74.9209200219528,100
final-multiseed-v1,20261010,100,HOMOGENEOUS,SEQUENTIAL,SYSTEM,SCN-B35D85FA71E7,1481.036,10302,8897.31,21.18020827204801,87.78784491380834,100
final-multiseed-v1,20261010,100,HOMOGENEOUS,SEQUENTIAL,SHORTEST_QUEUE,SCN-B35D85FA71E7,1481.036,10302,8897.31,21.18020827204801,87.78784491380834,100
final-multiseed-v1,20261010,100,HOMOGENEOUS,SEQUENTIAL,ROUND_ROBIN,SCN-B35D85FA71E7,1428.278,10311,8633.52,21.73650525298877,90.09358773095036,100
final-multiseed-v1,20261010,100,HOMOGENEOUS,SEQUENTIAL,LEAST_UTILISED,SCN-B35D85FA71E7,1838.094,13893,10682.6,15.37672988211174,63.73355544165385,100
final-multiseed-v1,20261010,100,HOMOGENEOUS,SEQUENTIAL,RANDOM,SCN-B35D85FA71E7,1675.222,10171,9868.24,19.222554463904316,79.67375053395985,100
final-multiseed-v1,20261011,100,HOMOGENEOUS,SEQUENTIAL,SYSTEM,SCN-075A9C26112A,1507.44,10120,9052.46,20.824897321686816,87.6531497657199,100
final-multiseed-v1,20261011,100,HOMOGENEOUS,SEQUENTIAL,SHORTEST_QUEUE,SCN-075A9C26112A,1507.44,10120,9052.46,20.824897321686816,87.6531497657199,100
final-multiseed-v1,20261011,100,HOMOGENEOUS,SEQUENTIAL,ROUND_ROBIN,SCN-075A9C26112A,1460.018,10029,8815.35,21.304296366433896,89.67096697834063,100
final-multiseed-v1,20261011,100,HOMOGENEOUS,SEQUENTIAL,LEAST_UTILISED,SCN-075A9C26112A,1732.198,12426,10176.25,16.189234159284076,68.14138597832441,100
final-multiseed-v1,20261011,100,HOMOGENEOUS,SEQUENTIAL,RANDOM,SCN-075A9C26112A,1793.884,10123,10484.68,17.836793340930488,75.0760541049398,100
final-multiseed-v1,20261012,100,HOMOGENEOUS,SEQUENTIAL,SYSTEM,SCN-CA8EB2D2E696,1508.322,10161,9041.78,20.83936324167873,86.84052098408105,100
final-multiseed-v1,20261012,100,HOMOGENEOUS,SEQUENTIAL,SHORTEST_QUEUE,SCN-CA8EB2D2E696,1508.322,10161,9041.78,20.83936324167873,86.84052098408105,100
final-multiseed-v1,20261012,100,HOMOGENEOUS,SEQUENTIAL,ROUND_ROBIN,SCN-CA8EB2D2E696,1464.018,10313,8820.26,21.015761821366024,87.57559836544075,100
final-multiseed-v1,20261012,100,HOMOGENEOUS,SEQUENTIAL,LEAST_UTILISED,SCN-CA8EB2D2E696,1809.474,13475,10547.54,15.687641624542444,65.37258148858287,100
final-multiseed-v1,20261012,100,HOMOGENEOUS,SEQUENTIAL,RANDOM,SCN-CA8EB2D2E696,1730.552,10149,10152.93,19.29777539533637,80.41651031894935,100
final-multiseed-v1,20261013,100,HOMOGENEOUS,SEQUENTIAL,SYSTEM,SCN-463AB36B49C5,1494.208,10342,8971.9,20.829717063009895,86.84024764219174,100
final-multiseed-v1,20261013,100,HOMOGENEOUS,SEQUENTIAL,SHORTEST_QUEUE,SCN-463AB36B49C5,1494.208,10342,8971.9,20.829717063009895,86.84024764219174,100
final-multiseed-v1,20261013,100,HOMOGENEOUS,SEQUENTIAL,ROUND_ROBIN,SCN-463AB36B49C5,1442.628,10442,8714,21.375133594584966,89.11411946324665,100
final-multiseed-v1,20261013,100,HOMOGENEOUS,SEQUENTIAL,LEAST_UTILISED,SCN-463AB36B49C5,1688.578,11383,9943.75,16.926042597207203,70.56561192345666,100
final-multiseed-v1,20261013,100,HOMOGENEOUS,SEQUENTIAL,RANDOM,SCN-463AB36B49C5,1836.84,10314,10685.06,18.082274348284695,75.38600632879603,100
final-multiseed-v1,20261014,100,HOMOGENEOUS,SEQUENTIAL,SYSTEM,SCN-5C46BB4954C8,1481.43,10128,8897.05,21.087160262417996,87.27155576382378,100
final-multiseed-v1,20261014,100,HOMOGENEOUS,SEQUENTIAL,SHORTEST_QUEUE,SCN-5C46BB4954C8,1481.43,10128,8897.05,21.087160262417996,87.27155576382378,100
final-multiseed-v1,20261014,100,HOMOGENEOUS,SEQUENTIAL,ROUND_ROBIN,SCN-5C46BB4954C8,1443.872,10152,8709.26,21.5452750014962,89.16751451313664,100
final-multiseed-v1,20261014,100,HOMOGENEOUS,SEQUENTIAL,LEAST_UTILISED,SCN-5C46BB4954C8,1684.404,11233,9911.92,17.31934956220533,71.67805253536034,100
final-multiseed-v1,20261014,100,HOMOGENEOUS,SEQUENTIAL,RANDOM,SCN-5C46BB4954C8,1864.286,10113,10811.33,17.20019111323459,71.18490205446726,100
final-multiseed-v1,20261015,100,HOMOGENEOUS,SEQUENTIAL,SYSTEM,SCN-9F3F4267B814,1522.76,10725,9129.23,20.836950859524226,87.71372344735775,100
final-multiseed-v1,20261015,100,HOMOGENEOUS,SEQUENTIAL,SHORTEST_QUEUE,SCN-9F3F4267B814,1522.76,10725,9129.23,20.836950859524226,87.71372344735775,100
final-multiseed-v1,20261015,100,HOMOGENEOUS,SEQUENTIAL,ROUND_ROBIN,SCN-9F3F4267B814,1466.628,10709,8848.57,21.215157051093172,89.30579291649478,100
final-multiseed-v1,20261015,100,HOMOGENEOUS,SEQUENTIAL,LEAST_UTILISED,SCN-9F3F4267B814,1706.782,11731,10049.34,16.7973124300112,70.7087532661441,100
final-multiseed-v1,20261015,100,HOMOGENEOUS,SEQUENTIAL,RANDOM,SCN-9F3F4267B814,2006.75,10761,11549.18,16.460152713639065,69.28947007452791,100
final-multiseed-v1,20261016,100,HOMOGENEOUS,SEQUENTIAL,SYSTEM,SCN-FDD5A93944E2,1494.61,10142,8973.96,21.035409606170386,87.70071286665888,100
final-multiseed-v1,20261016,100,HOMOGENEOUS,SEQUENTIAL,SHORTEST_QUEUE,SCN-FDD5A93944E2,1494.61,10142,8973.96,21.035409606170386,87.70071286665888,100
final-multiseed-v1,20261016,100,HOMOGENEOUS,SEQUENTIAL,ROUND_ROBIN,SCN-FDD5A93944E2,1462.352,10178,8812.67,21.136683889149836,88.1229450446219,100
final-multiseed-v1,20261016,100,HOMOGENEOUS,SEQUENTIAL,LEAST_UTILISED,SCN-FDD5A93944E2,1657.328,10575,9787.55,17.759360663016132,74.04222781313206,100
final-multiseed-v1,20261016,100,HOMOGENEOUS,SEQUENTIAL,RANDOM,SCN-FDD5A93944E2,1776.464,10185,10383.23,17.75410563692854,74.02031858756227,100
final-multiseed-v1,20261017,100,HOMOGENEOUS,SEQUENTIAL,SYSTEM,SCN-ACE81EFB1201,1523.972,10128,9124.48,20.780420226275687,86.85176633571925,100
final-multiseed-v1,20261017,100,HOMOGENEOUS,SEQUENTIAL,SHORTEST_QUEUE,SCN-ACE81EFB1201,1523.972,10128,9124.48,20.780420226275687,86.85176633571925,100
final-multiseed-v1,20261017,100,HOMOGENEOUS,SEQUENTIAL,ROUND_ROBIN,SCN-ACE81EFB1201,1457.956,10116,8794.4,21.242697822623477,88.7838555496548,100
final-multiseed-v1,20261017,100,HOMOGENEOUS,SEQUENTIAL,LEAST_UTILISED,SCN-ACE81EFB1201,1814.238,13512,10575.81,15.54001554001554,64.94949494949495,100
final-multiseed-v1,20261017,100,HOMOGENEOUS,SEQUENTIAL,RANDOM,SCN-ACE81EFB1201,1857.392,10182,10791.58,18.588320338720504,77.68988485568234,100
final-multiseed-v1,20261018,100,HOMOGENEOUS,SEQUENTIAL,SYSTEM,SCN-4A7A96C6EB27,1526.242,10453,9146.95,20.510483135824977,86.35711030082041,100
final-multiseed-v1,20261018,100,HOMOGENEOUS,SEQUENTIAL,SHORTEST_QUEUE,SCN-4A7A96C6EB27,1526.242,10453,9146.95,20.510483135824977,86.35711030082041,100
final-multiseed-v1,20261018,100,HOMOGENEOUS,SEQUENTIAL,ROUND_ROBIN,SCN-4A7A96C6EB27,1493.61,10548,8983.79,20.983912333877363,88.35043133597574,100
final-multiseed-v1,20261018,100,HOMOGENEOUS,SEQUENTIAL,LEAST_UTILISED,SCN-4A7A96C6EB27,1800.558,13007,10518.53,15.795015795015795,66.503159003159,100
final-multiseed-v1,20261018,100,HOMOGENEOUS,SEQUENTIAL,RANDOM,SCN-4A7A96C6EB27,1828.192,10473,10656.7,18.58544140423335,78.25193598347961,100
final-multiseed-v1,20261019,100,HOMOGENEOUS,SEQUENTIAL,SYSTEM,SCN-E9B3D7A3D364,1499.646,10013,8991.9,21.101992966002346,87.55392731535756,100
final-multiseed-v1,20261019,100,HOMOGENEOUS,SEQUENTIAL,SHORTEST_QUEUE,SCN-E9B3D7A3D364,1499.646,10013,8991.9,21.101992966002346,87.55392731535756,100
final-multiseed-v1,20261019,100,HOMOGENEOUS,SEQUENTIAL,ROUND_ROBIN,SCN-E9B3D7A3D364,1458.596,10048,8786.65,21.368789695494748,88.66088917908233,100
final-multiseed-v1,20261019,100,HOMOGENEOUS,SEQUENTIAL,LEAST_UTILISED,SCN-E9B3D7A3D364,1722.418,11836,10105.76,16.581456404587534,68.79784441066741,100
final-multiseed-v1,20261019,100,HOMOGENEOUS,SEQUENTIAL,RANDOM,SCN-E9B3D7A3D364,1759.448,10090,10290.91,18.288965657386708,75.88244259296893,100
final-multiseed-v1,20261020,100,HOMOGENEOUS,SEQUENTIAL,SYSTEM,SCN-F886D9D9C10E,1517.29,10277,9089.67,20.718232044198892,86.51127992633516,100
final-multiseed-v1,20261020,100,HOMOGENEOUS,SEQUENTIAL,SHORTEST_QUEUE,SCN-F886D9D9C10E,1517.29,10277,9089.67,20.718232044198892,86.51127992633516,100
final-multiseed-v1,20261020,100,HOMOGENEOUS,SEQUENTIAL,ROUND_ROBIN,SCN-F886D9D9C10E,1467.624,10320,8841.34,21.044017069036066,87.87163149587886,100
final-multiseed-v1,20261020,100,HOMOGENEOUS,SEQUENTIAL,LEAST_UTILISED,SCN-F886D9D9C10E,1815.542,13611,10580.93,15.532640117357726,64.85826465892912,100
final-multiseed-v1,20261020,100,HOMOGENEOUS,SEQUENTIAL,RANDOM,SCN-F886D9D9C10E,1832.3,10148,10664.72,17.78919800365667,74.28077284182437,100
final-multiseed-v1,20261021,100,HOMOGENEOUS,SEQUENTIAL,SYSTEM,SCN-1BD92BEF1856,1481.386,10298,8918.57,21.003500583430572,88.19369894982498,100
final-multiseed-v1,20261021,100,HOMOGENEOUS,SEQUENTIAL,SHORTEST_QUEUE,SCN-1BD92BEF1856,1481.386,10298,8918.57,21.003500583430572,88.19369894982498,100
final-multiseed-v1,20261021,100,HOMOGENEOUS,SEQUENTIAL,ROUND_ROBIN,SCN-1BD92BEF1856,1451.984,10308,8771.56,21.27533833697772,89.33514567696946,100
final-multiseed-v1,20261021,100,HOMOGENEOUS,SEQUENTIAL,LEAST_UTILISED,SCN-1BD92BEF1856,1713.302,11703,10078.15,16.613595458950574,69.76048733213347,100
final-multiseed-v1,20261021,100,HOMOGENEOUS,SEQUENTIAL,RANDOM,SCN-1BD92BEF1856,1767.722,10310,10350.25,17.70346692894025,74.33685763462013,100
final-multiseed-v1,20261022,100,HOMOGENEOUS,SEQUENTIAL,SYSTEM,SCN-0B606FE09C54,1508.7,9943,9046.61,20.791221484262202,86.80970257002599,100
final-multiseed-v1,20261022,100,HOMOGENEOUS,SEQUENTIAL,SHORTEST_QUEUE,SCN-0B606FE09C54,1508.7,9943,9046.61,20.791221484262202,86.80970257002599,100
final-multiseed-v1,20261022,100,HOMOGENEOUS,SEQUENTIAL,ROUND_ROBIN,SCN-0B606FE09C54,1451.75,10036,8761.86,21.252730385500914,88.73664324930633,100
final-multiseed-v1,20261022,100,HOMOGENEOUS,SEQUENTIAL,LEAST_UTILISED,SCN-0B606FE09C54,1696.376,11417,9984.99,16.94277108433735,70.74124623493974,100
final-multiseed-v1,20261022,100,HOMOGENEOUS,SEQUENTIAL,RANDOM,SCN-0B606FE09C54,1833.916,9947,10672.69,18.058690744920995,75.40055179332832,100
final-multiseed-v1,20261023,100,HOMOGENEOUS,SEQUENTIAL,SYSTEM,SCN-DCA23EB7DF7E,1508.842,10182,9050.08,20.696791997240425,86.5741060135679,100
final-multiseed-v1,20261023,100,HOMOGENEOUS,SEQUENTIAL,SHORTEST_QUEUE,SCN-DCA23EB7DF7E,1508.842,10182,9050.08,20.696791997240425,86.5741060135679,100
final-multiseed-v1,20261023,100,HOMOGENEOUS,SEQUENTIAL,ROUND_ROBIN,SCN-DCA23EB7DF7E,1458.522,10231,8798.48,21.03909765647829,88.00596107766934,100
final-multiseed-v1,20261023,100,HOMOGENEOUS,SEQUENTIAL,LEAST_UTILISED,SCN-DCA23EB7DF7E,1701.79,10884,10014.82,17.238076996743917,72.10639724190767,100
final-multiseed-v1,20261023,100,HOMOGENEOUS,SEQUENTIAL,RANDOM,SCN-DCA23EB7DF7E,1792.138,10283,10466.56,17.82089995544775,74.54432948863916,100
final-multiseed-v1,20261024,100,HOMOGENEOUS,SEQUENTIAL,SYSTEM,SCN-3556B0E870FE,1505.692,10183,9034.66,20.798428563175225,87.01831417181813,100
final-multiseed-v1,20261024,100,HOMOGENEOUS,SEQUENTIAL,SHORTEST_QUEUE,SCN-3556B0E870FE,1505.692,10183,9034.66,20.798428563175225,87.01831417181813,100
final-multiseed-v1,20261024,100,HOMOGENEOUS,SEQUENTIAL,ROUND_ROBIN,SCN-3556B0E870FE,1464.294,10208,8827.67,20.99860009332711,87.85580961269248,100
final-multiseed-v1,20261024,100,HOMOGENEOUS,SEQUENTIAL,LEAST_UTILISED,SCN-3556B0E870FE,1727.58,12328,10144.1,16.26677511183408,68.05837964845692,100
final-multiseed-v1,20261024,100,HOMOGENEOUS,SEQUENTIAL,RANDOM,SCN-3556B0E870FE,1789.624,10257,10454.32,17.9829162295819,75.23852340276737,100
final-multiseed-v1,20261025,100,HOMOGENEOUS,SEQUENTIAL,SYSTEM,SCN-C1F6B93E93F8,1515.522,10382,9081.48,20.7385218042514,86.63344662710986,100
final-multiseed-v1,20261025,100,HOMOGENEOUS,SEQUENTIAL,SHORTEST_QUEUE,SCN-C1F6B93E93F8,1515.522,10382,9081.48,20.7385218042514,86.63344662710986,100
final-multiseed-v1,20261025,100,HOMOGENEOUS,SEQUENTIAL,ROUND_ROBIN,SCN-C1F6B93E93F8,1462.714,10359,8817.44,21.21765780632993,88.63499734779278,100
final-multiseed-v1,20261025,100,HOMOGENEOUS,SEQUENTIAL,LEAST_UTILISED,SCN-C1F6B93E93F8,1689.924,11386,9953.49,17.137144761270054,71.58899414480888,100
final-multiseed-v1,20261025,100,HOMOGENEOUS,SEQUENTIAL,RANDOM,SCN-C1F6B93E93F8,1814.696,10298,10577.35,17.909556738470723,74.8156808118999,100
final-multiseed-v1,20261026,100,HOMOGENEOUS,SEQUENTIAL,SYSTEM,SCN-EEABB5051503,1504.61,10461,9024.39,20.850225877447006,86.95355033012859,100
final-multiseed-v1,20261026,100,HOMOGENEOUS,SEQUENTIAL,SHORTEST_QUEUE,SCN-EEABB5051503,1504.61,10461,9024.39,20.850225877447006,86.95355033012859,100
final-multiseed-v1,20261026,100,HOMOGENEOUS,SEQUENTIAL,ROUND_ROBIN,SCN-EEABB5051503,1452.468,10588,8763.68,21.27282396738167,88.71594870885777,100
final-multiseed-v1,20261026,100,HOMOGENEOUS,SEQUENTIAL,LEAST_UTILISED,SCN-EEABB5051503,1706.43,11343,10033.49,16.919678526108004,70.56163932885276,100
final-multiseed-v1,20261026,100,HOMOGENEOUS,SEQUENTIAL,RANDOM,SCN-EEABB5051503,1765.018,10702,10326.43,18.125062934246298,75.5885610713926,100
final-multiseed-v1,20261027,100,HOMOGENEOUS,SEQUENTIAL,SYSTEM,SCN-CC6065DAA91B,1488.892,10525,8941.41,21.101992966002346,87.74618991793669,100
final-multiseed-v1,20261027,100,HOMOGENEOUS,SEQUENTIAL,SHORTEST_QUEUE,SCN-CC6065DAA91B,1488.892,10525,8941.41,21.101992966002346,87.74618991793669,100
final-multiseed-v1,20261027,100,HOMOGENEOUS,SEQUENTIAL,ROUND_ROBIN,SCN-CC6065DAA91B,1446.532,10469,8729.61,21.34978057169968,88.77653896334955,100
final-multiseed-v1,20261027,100,HOMOGENEOUS,SEQUENTIAL,LEAST_UTILISED,SCN-CC6065DAA91B,1750.602,12740,10249.96,15.977276761938578,66.43662346884432,100
final-multiseed-v1,20261027,100,HOMOGENEOUS,SEQUENTIAL,RANDOM,SCN-CC6065DAA91B,1759.704,10524,10295.47,17.95153086666002,74.64595591901865,100
final-multiseed-v1,20261028,100,HOMOGENEOUS,SEQUENTIAL,SYSTEM,SCN-D519ACD67816,1486.132,10196,8932.43,21.08345534407028,87.95139092240117,100
final-multiseed-v1,20261028,100,HOMOGENEOUS,SEQUENTIAL,SHORTEST_QUEUE,SCN-D519ACD67816,1486.132,10196,8932.43,21.08345534407028,87.95139092240117,100
final-multiseed-v1,20261028,100,HOMOGENEOUS,SEQUENTIAL,ROUND_ROBIN,SCN-D519ACD67816,1453.164,10147,8767.59,21.299254526091584,88.85161519346823,100
final-multiseed-v1,20261028,100,HOMOGENEOUS,SEQUENTIAL,LEAST_UTILISED,SCN-D519ACD67816,1768.136,12459,10342.45,16.12036539494895,67.24744760881245,100
final-multiseed-v1,20261028,100,HOMOGENEOUS,SEQUENTIAL,RANDOM,SCN-D519ACD67816,1866.134,10255,10832.44,17.828843106180667,74.37450475435814,100
final-multiseed-v1,20261029,100,HOMOGENEOUS,SEQUENTIAL,SYSTEM,SCN-59108E4B6A45,1529.792,10314,9154.61,20.77922077922078,86.90620490620492,100
final-multiseed-v1,20261029,100,HOMOGENEOUS,SEQUENTIAL,SHORTEST_QUEUE,SCN-59108E4B6A45,1529.792,10314,9154.61,20.77922077922078,86.90620490620492,100
final-multiseed-v1,20261029,100,HOMOGENEOUS,SEQUENTIAL,ROUND_ROBIN,SCN-59108E4B6A45,1472.712,10294,8869.21,21.185193903371978,88.60413111281116,100
final-multiseed-v1,20261029,100,HOMOGENEOUS,SEQUENTIAL,LEAST_UTILISED,SCN-59108E4B6A45,1732.896,12008,10170.13,16.467682173734048,68.87379351356296,100
final-multiseed-v1,20261029,100,HOMOGENEOUS,SEQUENTIAL,RANDOM,SCN-59108E4B6A45,1791.39,10363,10462.6,18.238929982774344,76.28179146823386,100
final-multiseed-v1,20261030,100,HOMOGENEOUS,SEQUENTIAL,SYSTEM,SCN-6D3766F79458,1474.172,10293,8864.62,21.104467112205416,87.569468870911,100
final-multiseed-v1,20261030,100,HOMOGENEOUS,SEQUENTIAL,SHORTEST_QUEUE,SCN-6D3766F79458,1474.172,10293,8864.62,21.104467112205416,87.569468870911,100
final-multiseed-v1,20261030,100,HOMOGENEOUS,SEQUENTIAL,ROUND_ROBIN,SCN-6D3766F79458,1442.226,10212,8704.89,21.222661085892824,88.0598950657313,100
final-multiseed-v1,20261030,100,HOMOGENEOUS,SEQUENTIAL,LEAST_UTILISED,SCN-6D3766F79458,1717.204,12051,10079.78,16.418863449785643,68.12733740764389,100
final-multiseed-v1,20261030,100,HOMOGENEOUS,SEQUENTIAL,RANDOM,SCN-6D3766F79458,1795.526,10264,10471.39,17.63409257898604,73.16972814107275,100
final-multiseed-v1,20261001,100,HOMOGENEOUS,PARTIAL,SYSTEM,SCN-151D3C1D9999,1450.816,9497,8747.58,21.459227467811157,89.02598950882212,100
final-multiseed-v1,20261001,100,HOMOGENEOUS,PARTIAL,SHORTEST_QUEUE,SCN-151D3C1D9999,1450.816,9497,8747.58,21.459227467811157,89.02598950882212,100
final-multiseed-v1,20261001,100,HOMOGENEOUS,PARTIAL,ROUND_ROBIN,SCN-151D3C1D9999,1488.294,9633,8934.97,21.115607953545666,87.60044577394568,100
final-multiseed-v1,20261001,100,HOMOGENEOUS,PARTIAL,LEAST_UTILISED,SCN-151D3C1D9999,1729.168,12156,10139.34,16.2432883634887,67.38708658575102,100
final-multiseed-v1,20261001,100,HOMOGENEOUS,PARTIAL,RANDOM,SCN-151D3C1D9999,1674.424,9174,9865.62,19.630296090299364,81.43846447461692,100
final-multiseed-v1,20261002,100,HOMOGENEOUS,PARTIAL,SYSTEM,SCN-43AD675FF228,1455.206,9559,8781.35,20.991253644314867,87.7737609329446,100
final-multiseed-v1,20261002,100,HOMOGENEOUS,PARTIAL,SHORTEST_QUEUE,SCN-43AD675FF228,1455.206,9559,8781.35,20.991253644314867,87.7737609329446,100
final-multiseed-v1,20261002,100,HOMOGENEOUS,PARTIAL,ROUND_ROBIN,SCN-43AD675FF228,1470.154,9819,8856.09,21.19891649982334,88.64209162642798,100
final-multiseed-v1,20261002,100,HOMOGENEOUS,PARTIAL,LEAST_UTILISED,SCN-43AD675FF228,1757.996,13115,10295.3,15.991471215351813,66.8674484719261,100
final-multiseed-v1,20261002,100,HOMOGENEOUS,PARTIAL,RANDOM,SCN-43AD675FF228,1750.87,9207,10259.67,18.665422305179654,78.04842640120287,100
final-multiseed-v1,20261003,100,HOMOGENEOUS,PARTIAL,SYSTEM,SCN-82986AE3F0F0,1464.758,10091,8824.81,21.319436219353314,88.89138931659363,100
final-multiseed-v1,20261003,100,HOMOGENEOUS,PARTIAL,SHORTEST_QUEUE,SCN-82986AE3F0F0,1464.758,10091,8824.81,21.319436219353314,88.89138931659363,100
final-multiseed-v1,20261003,100,HOMOGENEOUS,PARTIAL,ROUND_ROBIN,SCN-82986AE3F0F0,1510.162,9970,9051.83,21.183947275509002,88.32646816523479,100
final-multiseed-v1,20261003,100,HOMOGENEOUS,PARTIAL,LEAST_UTILISED,SCN-82986AE3F0F0,1901.104,14689,11006.54,14.870502705605354,62.002561031021514,100
final-multiseed-v1,20261003,100,HOMOGENEOUS,PARTIAL,RANDOM,SCN-82986AE3F0F0,1718.15,9841,10091.77,19.042581327691085,79.39804284580798,100
final-multiseed-v1,20261004,100,HOMOGENEOUS,PARTIAL,SYSTEM,SCN-FFF1D6F7416F,1466.054,9458,8830.36,21.377672209026127,89.07897862232781,100
final-multiseed-v1,20261004,100,HOMOGENEOUS,PARTIAL,SHORTEST_QUEUE,SCN-FFF1D6F7416F,1466.054,9458,8830.36,21.377672209026127,89.07897862232781,100
final-multiseed-v1,20261004,100,HOMOGENEOUS,PARTIAL,ROUND_ROBIN,SCN-FFF1D6F7416F,1503.556,9694,9017.87,20.81285772099208,86.72544371856391,100
final-multiseed-v1,20261004,100,HOMOGENEOUS,PARTIAL,LEAST_UTILISED,SCN-FFF1D6F7416F,1722.682,12091,10113.5,16.440608302507194,68.5066447458556,100
final-multiseed-v1,20261004,100,HOMOGENEOUS,PARTIAL,RANDOM,SCN-FFF1D6F7416F,1764.004,9131,10320.11,17.81208252931572,74.22146355944783,100
final-multiseed-v1,20261005,100,HOMOGENEOUS,PARTIAL,SYSTEM,SCN-488E0C9357F6,1451.552,9850,8759.25,21.473307485833583,89.5609901580674,100
final-multiseed-v1,20261005,100,HOMOGENEOUS,PARTIAL,SHORTEST_QUEUE,SCN-488E0C9357F6,1451.552,9850,8759.25,21.473307485833583,89.5609901580674,100
final-multiseed-v1,20261005,100,HOMOGENEOUS,PARTIAL,ROUND_ROBIN,SCN-488E0C9357F6,1506.588,9938,9034.43,20.792422317199954,86.72115051403489,100
final-multiseed-v1,20261005,100,HOMOGENEOUS,PARTIAL,LEAST_UTILISED,SCN-488E0C9357F6,1746.168,12600,10232.33,16.244021297716813,67.75065427308004,100
final-multiseed-v1,20261005,100,HOMOGENEOUS,PARTIAL,RANDOM,SCN-488E0C9357F6,1757.936,10012,10291.17,19.192834675054645,80.04958148957724,100
final-multiseed-v1,20261006,100,HOMOGENEOUS,PARTIAL,SYSTEM,SCN-69340C194D18,1462.304,9682,8815.26,21.210157308666705,88.59600542037353,100
final-multiseed-v1,20261006,100,HOMOGENEOUS,PARTIAL,SHORTEST_QUEUE,SCN-69340C194D18,1462.304,9682,8815.26,21.210157308666705,88.59600542037353,100
final-multiseed-v1,20261006,100,HOMOGENEOUS,PARTIAL,ROUND_ROBIN,SCN-69340C194D18,1495.756,9924,8982.52,20.827306913508824,86.99681805033265,100
final-multiseed-v1,20261006,100,HOMOGENEOUS,PARTIAL,LEAST_UTILISED,SCN-69340C194D18,1715.41,12476,10080.79,15.977985886112469,66.74093471217435,100
final-multiseed-v1,20261006,100,HOMOGENEOUS,PARTIAL,RANDOM,SCN-69340C194D18,1775.302,9598,10380.25,18.474802422251873,77.17027609565842,100
final-multiseed-v1,20261007,100,HOMOGENEOUS,PARTIAL,SYSTEM,SCN-217B6E17EDFA,1452.412,9953,8784.71,21.183947275509002,89.59927033070497,100
final-multiseed-v1,20261007,100,HOMOGENEOUS,PARTIAL,SHORTEST_QUEUE,SCN-217B6E17EDFA,1452.412,9953,8784.71,21.183947275509002,89.59927033070497,100
final-multiseed-v1,20261007,100,HOMOGENEOUS,PARTIAL,ROUND_ROBIN,SCN-217B6E17EDFA,1506.692,9904,9056.11,20.941190157640623,88.57250887092083,100
final-multiseed-v1,20261007,100,HOMOGENEOUS,PARTIAL,LEAST_UTILISED,SCN-217B6E17EDFA,1882.312,14344,10934.21,14.830072090628219,62.72502574665293,100
final-multiseed-v1,20261007,100,HOMOGENEOUS,PARTIAL,RANDOM,SCN-217B6E17EDFA,1842.302,9568,10734.16,17.695635076681086,74.84516319307903,100
final-multiseed-v1,20261008,100,HOMOGENEOUS,PARTIAL,SYSTEM,SCN-F5A17F7DE982,1433.98,9570,8664.11,21.361181985403192,88.66136592891475,100
final-multiseed-v1,20261008,100,HOMOGENEOUS,PARTIAL,SHORTEST_QUEUE,SCN-F5A17F7DE982,1433.98,9570,8664.11,21.361181985403192,88.66136592891475,100
final-multiseed-v1,20261008,100,HOMOGENEOUS,PARTIAL,ROUND_ROBIN,SCN-F5A17F7DE982,1474.074,9626,8864.58,21.12676056338028,87.68838028169014,100
final-multiseed-v1,20261008,100,HOMOGENEOUS,PARTIAL,LEAST_UTILISED,SCN-F5A17F7DE982,1654.862,11307,9768.52,16.867356978868948,70.00937075387716,100
final-multiseed-v1,20261008,100,HOMOGENEOUS,PARTIAL,RANDOM,SCN-F5A17F7DE982,1696.328,9618,9975.85,18.75,77.8234375,100
final-multiseed-v1,20261009,100,HOMOGENEOUS,PARTIAL,SYSTEM,SCN-D039538DE8E6,1458.236,9735,8792.82,21.245205075243433,88.61847152552376,100
final-multiseed-v1,20261009,100,HOMOGENEOUS,PARTIAL,SHORTEST_QUEUE,SCN-D039538DE8E6,1458.236,9735,8792.82,21.245205075243433,88.61847152552376,100
final-multiseed-v1,20261009,100,HOMOGENEOUS,PARTIAL,ROUND_ROBIN,SCN-D039538DE8E6,1493.974,9793,8971.51,20.925366193908392,87.28435247616835,100
final-multiseed-v1,20261009,100,HOMOGENEOUS,PARTIAL,LEAST_UTILISED,SCN-D039538DE8E6,2035.906,7734,11681.17,16.276336015914637,67.89221448593904,100
final-multiseed-v1,20261009,100,HOMOGENEOUS,PARTIAL,RANDOM,SCN-D039538DE8E6,1702.34,9452,10013.34,18.68188894654904,77.92631032693305,100
final-multiseed-v1,20261010,100,HOMOGENEOUS,PARTIAL,SYSTEM,SCN-264C4255772A,1435.236,9780,8668.31,21.65543792107796,89.75757940327239,100
final-multiseed-v1,20261010,100,HOMOGENEOUS,PARTIAL,SHORTEST_QUEUE,SCN-264C4255772A,1435.236,9780,8668.31,21.65543792107796,89.75757940327239,100
final-multiseed-v1,20261010,100,HOMOGENEOUS,PARTIAL,ROUND_ROBIN,SCN-264C4255772A,1493.502,9955,8959.64,21.106941838649156,87.48416979362102,100
final-multiseed-v1,20261010,100,HOMOGENEOUS,PARTIAL,LEAST_UTILISED,SCN-264C4255772A,1667.134,9967,9827.8,19.682886823400764,81.58173865500274,100
final-multiseed-v1,20261010,100,HOMOGENEOUS,PARTIAL,RANDOM,SCN-264C4255772A,1771.624,9287,10350.25,18.272256623693025,75.73495076641966,100
final-multiseed-v1,20261011,100,HOMOGENEOUS,PARTIAL,SYSTEM,SCN-C4921AF71193,1497.064,9394,9000.58,21.012081947119594,88.4410202533123,100
final-multiseed-v1,20261011,100,HOMOGENEOUS,PARTIAL,SHORTEST_QUEUE,SCN-C4921AF71193,1497.064,9394,9000.58,21.012081947119594,88.4410202533123,100
final-multiseed-v1,20261011,100,HOMOGENEOUS,PARTIAL,ROUND_ROBIN,SCN-C4921AF71193,1519.842,9391,9114.47,20.89864158829676,87.96354348078486,100
final-multiseed-v1,20261011,100,HOMOGENEOUS,PARTIAL,LEAST_UTILISED,SCN-C4921AF71193,1690.802,11177,9969.27,17.02449635864939,71.65705097890854,100
final-multiseed-v1,20261011,100,HOMOGENEOUS,PARTIAL,RANDOM,SCN-C4921AF71193,1772.438,8839,10377.45,18.778363152678523,79.03917375202128,100
final-multiseed-v1,20261012,100,HOMOGENEOUS,PARTIAL,SYSTEM,SCN-A74C03F5922C,1468.734,9555,8843.84,21.130480718436345,88.05364794271291,100
final-multiseed-v1,20261012,100,HOMOGENEOUS,PARTIAL,SHORTEST_QUEUE,SCN-A74C03F5922C,1468.734,9555,8843.84,21.130480718436345,88.05364794271291,100
final-multiseed-v1,20261012,100,HOMOGENEOUS,PARTIAL,ROUND_ROBIN,SCN-A74C03F5922C,1502.656,9662,9013.45,20.986358866736623,87.45307216975633,100
final-multiseed-v1,20261012,100,HOMOGENEOUS,PARTIAL,LEAST_UTILISED,SCN-A74C03F5922C,1907.092,13132,11035.63,15.925680159256801,66.3645211236452,100
final-multiseed-v1,20261012,100,HOMOGENEOUS,PARTIAL,RANDOM,SCN-A74C03F5922C,1714.876,9602,10074.55,18.9065700330865,78.78630324037604,100
final-multiseed-v1,20261013,100,HOMOGENEOUS,PARTIAL,SYSTEM,SCN-441F418E76BF,1428.492,9902,8643.32,21.789129645321392,90.8400919985474,100
final-multiseed-v1,20261013,100,HOMOGENEOUS,PARTIAL,SHORTEST_QUEUE,SCN-441F418E76BF,1428.492,9902,8643.32,21.789129645321392,90.8400919985474,100
final-multiseed-v1,20261013,100,HOMOGENEOUS,PARTIAL,ROUND_ROBIN,SCN-441F418E76BF,1463.546,9754,8818.59,21.443888491779845,89.4007624493686,100
final-multiseed-v1,20261013,100,HOMOGENEOUS,PARTIAL,LEAST_UTILISED,SCN-441F418E76BF,1603.374,9718,9517.73,19.731433269388873,82.26144149081941,100
final-multiseed-v1,20261013,100,HOMOGENEOUS,PARTIAL,RANDOM,SCN-441F418E76BF,1816.852,9616,10585.12,17.77865573608573,74.12020346683786,100
final-multiseed-v1,20261014,100,HOMOGENEOUS,PARTIAL,SYSTEM,SCN-6665D5736741,1437.522,9547,8677.51,21.586616297895304,89.33861006176171,100
final-multiseed-v1,20261014,100,HOMOGENEOUS,PARTIAL,SHORTEST_QUEUE,SCN-6665D5736741,1437.522,9547,8677.51,21.586616297895304,89.33861006176171,100
final-multiseed-v1,20261014,100,HOMOGENEOUS,PARTIAL,ROUND_ROBIN,SCN-6665D5736741,1488.228,9744,8931.04,21.227666725632407,87.85305737366589,100
final-multiseed-v1,20261014,100,HOMOGENEOUS,PARTIAL,LEAST_UTILISED,SCN-6665D5736741,1669.252,9589,9836.16,19.47525020286719,80.60048688125507,100
final-multiseed-v1,20261014,100,HOMOGENEOUS,PARTIAL,RANDOM,SCN-6665D5736741,1727.754,9285,10128.67,18.262060569167556,75.57956678334094,100
final-multiseed-v1,20261015,100,HOMOGENEOUS,PARTIAL,SYSTEM,SCN-1EEA629A506A,1470.29,9747,8866.88,21.28540176195826,89.60148997812334,100
final-multiseed-v1,20261015,100,HOMOGENEOUS,PARTIAL,SHORTEST_QUEUE,SCN-1EEA629A506A,1470.29,9747,8866.88,21.28540176195826,89.60148997812334,100
final-multiseed-v1,20261015,100,HOMOGENEOUS,PARTIAL,ROUND_ROBIN,SCN-1EEA629A506A,1509.694,10116,9063.9,20.925366193908392,88.08591025342943,100
final-multiseed-v1,20261015,100,HOMOGENEOUS,PARTIAL,LEAST_UTILISED,SCN-1EEA629A506A,1640.022,10414,9715.54,17.863345407631616,75.1962486974644,100
final-multiseed-v1,20261015,100,HOMOGENEOUS,PARTIAL,RANDOM,SCN-1EEA629A506A,1893.62,9345,10983.53,17.868665309971707,75.21864297414007,100
final-multiseed-v1,20261016,100,HOMOGENEOUS,PARTIAL,SYSTEM,SCN-85D13513EA8A,1476.178,9839,8881.8,21.304296366433896,88.82175405373417,100
final-multiseed-v1,20261016,100,HOMOGENEOUS,PARTIAL,SHORTEST_QUEUE,SCN-85D13513EA8A,1476.178,9839,8881.8,21.304296366433896,88.82175405373417,100
final-multiseed-v1,20261016,100,HOMOGENEOUS,PARTIAL,ROUND_ROBIN,SCN-85D13513EA8A,1500.684,9574,9004.33,21.09086648309801,87.93192336985177,100
final-multiseed-v1,20261016,100,HOMOGENEOUS,PARTIAL,LEAST_UTILISED,SCN-85D13513EA8A,1674.234,12048,9872.08,16.556291390728475,69.02639808682855,100
final-multiseed-v1,20261016,100,HOMOGENEOUS,PARTIAL,RANDOM,SCN-85D13513EA8A,1679.032,9749,9896.07,18.373909049150207,76.60439953044455,100
final-multiseed-v1,20261017,100,HOMOGENEOUS,PARTIAL,SYSTEM,SCN-9ACE3A8BE2CE,1467.832,9716,8843.78,21.120563215019065,88.2733939571722,100
final-multiseed-v1,20261017,100,HOMOGENEOUS,PARTIAL,SHORTEST_QUEUE,SCN-9ACE3A8BE2CE,1467.832,9716,8843.78,21.120563215019065,88.2733939571722,100
final-multiseed-v1,20261017,100,HOMOGENEOUS,PARTIAL,ROUND_ROBIN,SCN-9ACE3A8BE2CE,1510.844,9679,9058.84,21.001050052502624,87.77388869443472,100
final-multiseed-v1,20261017,100,HOMOGENEOUS,PARTIAL,LEAST_UTILISED,SCN-9ACE3A8BE2CE,1871.842,13765,10863.83,15.895443306252208,66.43500529848112,100
final-multiseed-v1,20261017,100,HOMOGENEOUS,PARTIAL,RANDOM,SCN-9ACE3A8BE2CE,1719.582,9770,10102.53,18.976332296663326,79.31158083390437,100
final-multiseed-v1,20261018,100,HOMOGENEOUS,PARTIAL,SYSTEM,SCN-DD89000BBA93,1488.454,9824,8958.01,20.719424460431654,87.2368345323741,100
final-multiseed-v1,20261018,100,HOMOGENEOUS,PARTIAL,SHORTEST_QUEUE,SCN-DD89000BBA93,1488.454,9824,8958.01,20.719424460431654,87.2368345323741,100
final-multiseed-v1,20261018,100,HOMOGENEOUS,PARTIAL,ROUND_ROBIN,SCN-DD89000BBA93,1557.724,10100,9304.36,20.301133479952632,85.47566683584277,100
final-multiseed-v1,20261018,100,HOMOGENEOUS,PARTIAL,LEAST_UTILISED,SCN-DD89000BBA93,1758.76,12883,10309.54,16.055659620016055,67.6005708678976,100
final-multiseed-v1,20261018,100,HOMOGENEOUS,PARTIAL,RANDOM,SCN-DD89000BBA93,1794.88,9748,10490.14,17.89798150541911,75.35746246395546,100
final-multiseed-v1,20261019,100,HOMOGENEOUS,PARTIAL,SYSTEM,SCN-3072CF5FF5B5,1449.074,9556,8739.04,21.479713603818613,89.12112171837708,100
final-multiseed-v1,20261019,100,HOMOGENEOUS,PARTIAL,SHORTEST_QUEUE,SCN-3072CF5FF5B5,1449.074,9556,8739.04,21.479713603818613,89.12112171837708,100
final-multiseed-v1,20261019,100,HOMOGENEOUS,PARTIAL,ROUND_ROBIN,SCN-3072CF5FF5B5,1492.758,9460,8957.46,21.119324181626187,87.62583597324885,100
final-multiseed-v1,20261019,100,HOMOGENEOUS,PARTIAL,LEAST_UTILISED,SCN-3072CF5FF5B5,1725.442,11378,10120.88,16.936394429808054,70.27051185547612,100
final-multiseed-v1,20261019,100,HOMOGENEOUS,PARTIAL,RANDOM,SCN-3072CF5FF5B5,1710.242,9546,10044.88,17.800632911392405,73.85630933544303,100
final-multiseed-v1,20261020,100,HOMOGENEOUS,PARTIAL,SYSTEM,SCN-95C49B6E5A1D,1482,9975,8913.22,20.933883816944817,87.41175786474386,100
final-multiseed-v1,20261020,100,HOMOGENEOUS,PARTIAL,SHORTEST_QUEUE,SCN-95C49B6E5A1D,1482,9975,8913.22,20.933883816944817,87.41175786474386,100
final-multiseed-v1,20261020,100,HOMOGENEOUS,PARTIAL,ROUND_ROBIN,SCN-95C49B6E5A1D,1507.112,9881,9038.78,20.89136490250696,87.23421541318478,100
final-multiseed-v1,20261020,100,HOMOGENEOUS,PARTIAL,LEAST_UTILISED,SCN-95C49B6E5A1D,1741.088,12239,10208.66,16.509974776427423,68.93923412061454,100
final-multiseed-v1,20261020,100,HOMOGENEOUS,PARTIAL,RANDOM,SCN-95C49B6E5A1D,1698.562,9613,9996.03,18.89962200755985,78.917471650567,100
final-multiseed-v1,20261021,100,HOMOGENEOUS,PARTIAL,SYSTEM,SCN-51844F290403,1490.894,9773,8966.11,21.155315272962333,88.83116883116884,100
final-multiseed-v1,20261021,100,HOMOGENEOUS,PARTIAL,SHORTEST_QUEUE,SCN-51844F290403,1490.894,9773,8966.11,21.155315272962333,88.83116883116884,100
final-multiseed-v1,20261021,100,HOMOGENEOUS,PARTIAL,ROUND_ROBIN,SCN-51844F290403,1531.132,9889,9167.3,20.824897321686816,87.44374385376292,100
final-multiseed-v1,20261021,100,HOMOGENEOUS,PARTIAL,LEAST_UTILISED,SCN-51844F290403,1682.574,11402,9924.51,16.847622613253463,70.74316735305129,100
final-multiseed-v1,20261021,100,HOMOGENEOUS,PARTIAL,RANDOM,SCN-51844F290403,1675.18,9956,9887.54,18.70227024780508,78.53083277053354,100
final-multiseed-v1,20261022,100,HOMOGENEOUS,PARTIAL,SYSTEM,SCN-AAD88D3CE3E7,1473.516,9501,8870.69,20.970466592881692,87.5581056678511,100
final-multiseed-v1,20261022,100,HOMOGENEOUS,PARTIAL,SHORTEST_QUEUE,SCN-AAD88D3CE3E7,1473.516,9501,8870.69,20.970466592881692,87.5581056678511,100
final-multiseed-v1,20261022,100,HOMOGENEOUS,PARTIAL,ROUND_ROBIN,SCN-AAD88D3CE3E7,1498.366,9413,8994.94,20.88894046651967,87.21770917952885,100
final-multiseed-v1,20261022,100,HOMOGENEOUS,PARTIAL,LEAST_UTILISED,SCN-AAD88D3CE3E7,1659.584,9992,9801.03,18.25280129797698,76.21102266389494,100
final-multiseed-v1,20261022,100,HOMOGENEOUS,PARTIAL,RANDOM,SCN-AAD88D3CE3E7,1737.586,8760,10191.04,18.14973531635997,75.78069069826064,100
final-multiseed-v1,20261023,100,HOMOGENEOUS,PARTIAL,SYSTEM,SCN-8167DBB7281E,1464.974,9583,8830.74,21.25524000708508,88.91007852630337,100
final-multiseed-v1,20261023,100,HOMOGENEOUS,PARTIAL,SHORTEST_QUEUE,SCN-8167DBB7281E,1464.974,9583,8830.74,21.25524000708508,88.91007852630337,100
final-multiseed-v1,20261023,100,HOMOGENEOUS,PARTIAL,ROUND_ROBIN,SCN-8167DBB7281E,1483.1,9723,8921.37,20.920502092050206,87.50987912598791,100
final-multiseed-v1,20261023,100,HOMOGENEOUS,PARTIAL,LEAST_UTILISED,SCN-8167DBB7281E,1696.102,11258,9986.38,16.903789266093817,70.7080809503686,100
final-multiseed-v1,20261023,100,HOMOGENEOUS,PARTIAL,RANDOM,SCN-8167DBB7281E,1725.122,9521,10131.48,18.671230745293293,78.10123956226337,100
final-multiseed-v1,20261024,100,HOMOGENEOUS,PARTIAL,SYSTEM,SCN-CE8F3675F5F4,1481.556,9800,8913.98,20.915640250987682,87.50871485010458,100
final-multiseed-v1,20261024,100,HOMOGENEOUS,PARTIAL,SHORTEST_QUEUE,SCN-CE8F3675F5F4,1481.556,9800,8913.98,20.915640250987682,87.50871485010458,100
final-multiseed-v1,20261024,100,HOMOGENEOUS,PARTIAL,ROUND_ROBIN,SCN-CE8F3675F5F4,1514.75,9619,9079.95,20.79602564843163,87.00826064352148,100
final-multiseed-v1,20261024,100,HOMOGENEOUS,PARTIAL,LEAST_UTILISED,SCN-CE8F3675F5F4,1790.03,11781,10456.35,16.679021497405486,69.78317272053371,100
final-multiseed-v1,20261024,100,HOMOGENEOUS,PARTIAL,RANDOM,SCN-CE8F3675F5F4,1732.756,9589,10169.98,19.06779661016949,79.77754237288136,100
final-multiseed-v1,20261025,100,HOMOGENEOUS,PARTIAL,SYSTEM,SCN-FA269284706C,1450.242,9904,8755.08,21.398002853067048,89.38837375178316,100
final-multiseed-v1,20261025,100,HOMOGENEOUS,PARTIAL,SHORTEST_QUEUE,SCN-FA269284706C,1450.242,9904,8755.08,21.398002853067048,89.38837375178316,100
final-multiseed-v1,20261025,100,HOMOGENEOUS,PARTIAL,ROUND_ROBIN,SCN-FA269284706C,1530.274,9823,9155.24,20.95947834187238,87.55647414997671,100
final-multiseed-v1,20261025,100,HOMOGENEOUS,PARTIAL,LEAST_UTILISED,SCN-FA269284706C,1771.434,13101,10361.04,15.613479637420305,65.22401006202021,100
final-multiseed-v1,20261025,100,HOMOGENEOUS,PARTIAL,RANDOM,SCN-FA269284706C,1731.112,9628,10159.43,18.773466833541924,78.42459324155193,100
final-multiseed-v1,20261026,100,HOMOGENEOUS,PARTIAL,SYSTEM,SCN-CB9B61F11792,1448.188,9851,8742.28,21.422195775066946,89.33888723594167,100
final-multiseed-v1,20261026,100,HOMOGENEOUS,PARTIAL,SHORTEST_QUEUE,SCN-CB9B61F11792,1448.188,9851,8742.28,21.422195775066946,89.33888723594167,100
final-multiseed-v1,20261026,100,HOMOGENEOUS,PARTIAL,ROUND_ROBIN,SCN-CB9B61F11792,1506.526,9992,9033.97,20.804438280166437,86.76259824318075,100
final-multiseed-v1,20261026,100,HOMOGENEOUS,PARTIAL,LEAST_UTILISED,SCN-CB9B61F11792,1615.542,10206,9579.05,19.761760992479555,82.41422846791457,100
final-multiseed-v1,20261026,100,HOMOGENEOUS,PARTIAL,RANDOM,SCN-CB9B61F11792,1796.634,9512,10484.51,17.577266735022704,73.30403788877496,100
final-multiseed-v1,20261027,100,HOMOGENEOUS,PARTIAL,SYSTEM,SCN-9564F8C87093,1440.784,9782,8700.87,21.66586422725084,90.09087626384208,100
final-multiseed-v1,20261027,100,HOMOGENEOUS,PARTIAL,SHORTEST_QUEUE,SCN-9564F8C87093,1440.784,9782,8700.87,21.66586422725084,90.09087626384208,100
final-multiseed-v1,20261027,100,HOMOGENEOUS,PARTIAL,ROUND_ROBIN,SCN-9564F8C87093,1487.516,9771,8934.53,21.149101163200562,87.94207496181413,100
final-multiseed-v1,20261027,100,HOMOGENEOUS,PARTIAL,LEAST_UTILISED,SCN-9564F8C87093,1706.696,12074,10030.43,16.463916582822648,68.46016646848989,100
final-multiseed-v1,20261027,100,HOMOGENEOUS,PARTIAL,RANDOM,SCN-9564F8C87093,1847.774,8962,10735.82,17.358599739621003,72.18043300062683,100
final-multiseed-v1,20261028,100,HOMOGENEOUS,PARTIAL,SYSTEM,SCN-ECD4EB86F3EC,1463.452,9807,8819.03,21.43495087823757,89.41768383447454,100
final-multiseed-v1,20261028,100,HOMOGENEOUS,PARTIAL,SHORTEST_QUEUE,SCN-ECD4EB86F3EC,1463.452,9807,8819.03,21.43495087823757,89.41768383447454,100
final-multiseed-v1,20261028,100,HOMOGENEOUS,PARTIAL,ROUND_ROBIN,SCN-ECD4EB86F3EC,1515.994,9464,9081.74,20.975353959098058,87.5004369865408,100
final-multiseed-v1,20261028,100,HOMOGENEOUS,PARTIAL,LEAST_UTILISED,SCN-ECD4EB86F3EC,1854.3,8003,10773.27,18.413380389749886,76.81295074420746,100
final-multiseed-v1,20261028,100,HOMOGENEOUS,PARTIAL,RANDOM,SCN-ECD4EB86F3EC,1759.27,9227,10298.12,18.679950186799502,77.9249688667497,100
final-multiseed-v1,20261029,100,HOMOGENEOUS,PARTIAL,SYSTEM,SCN-0C90F6209DEF,1473.562,9818,8873.46,21.191429244172358,88.63020955968919,100
final-multiseed-v1,20261029,100,HOMOGENEOUS,PARTIAL,SHORTEST_QUEUE,SCN-0C90F6209DEF,1473.562,9818,8873.46,21.191429244172358,88.63020955968919,100
final-multiseed-v1,20261029,100,HOMOGENEOUS,PARTIAL,ROUND_ROBIN,SCN-0C90F6209DEF,1536.382,9927,9187.56,20.565552699228792,86.01256783776064,100
final-multiseed-v1,20261029,100,HOMOGENEOUS,PARTIAL,LEAST_UTILISED,SCN-0C90F6209DEF,1960.608,7652,11308.69,17.7453541676936,74.21747917385518,100
final-multiseed-v1,20261029,100,HOMOGENEOUS,PARTIAL,RANDOM,SCN-0C90F6209DEF,1708.15,9773,10046.4,19.133669944193464,80.02391708743023,100
final-multiseed-v1,20261030,100,HOMOGENEOUS,PARTIAL,SYSTEM,SCN-1F41A5413265,1448.276,9815,8735.14,21.518230723251644,89.2863120143455,100
final-multiseed-v1,20261030,100,HOMOGENEOUS,PARTIAL,SHORTEST_QUEUE,SCN-1F41A5413265,1448.276,9815,8735.14,21.518230723251644,89.2863120143455,100
final-multiseed-v1,20261030,100,HOMOGENEOUS,PARTIAL,ROUND_ROBIN,SCN-1F41A5413265,1485.868,9719,8923.1,21.19517221077421,87.9458345599058,100
final-multiseed-v1,20261030,100,HOMOGENEOUS,PARTIAL,LEAST_UTILISED,SCN-1F41A5413265,2009.836,8231,11542.94,16.81535802699799,69.772525573357,100
final-multiseed-v1,20261030,100,HOMOGENEOUS,PARTIAL,RANDOM,SCN-1F41A5413265,1704.31,8946,10015.31,18.75586120662707,77.82432010003127,100
final-multiseed-v1,20261001,100,HETEROGENEOUS,INDEPENDENT,SYSTEM,SCN-F0600467E210,4041.156,13146,22649.77,7.7619663648124195,52.69491159982751,100
final-multiseed-v1,20261001,100,HETEROGENEOUS,INDEPENDENT,SHORTEST_QUEUE,SCN-F0600467E210,4075.45,14742,22821.24,7.78311064988974,52.83845721451117,100
final-multiseed-v1,20261001,100,HETEROGENEOUS,INDEPENDENT,ROUND_ROBIN,SCN-F0600467E210,4168.784,21205,23287.91,7.938958232258633,53.89648480571604,100
final-multiseed-v1,20261001,100,HETEROGENEOUS,INDEPENDENT,LEAST_UTILISED,SCN-F0600467E210,4789.772,28370,26392.85,6.036318516407049,40.979728030315734,100
final-multiseed-v1,20261001,100,HETEROGENEOUS,INDEPENDENT,RANDOM,SCN-F0600467E210,4196.264,20793,23425.31,7.39812169910195,50.22482069830049,100
final-multiseed-v1,20261002,100,HETEROGENEOUS,INDEPENDENT,SYSTEM,SCN-5FA657A3958A,4148.428,13768,23215.7,7.709439780709268,52.97156073325338,100
final-multiseed-v1,20261002,100,HETEROGENEOUS,INDEPENDENT,SHORTEST_QUEUE,SCN-5FA657A3958A,4185.946,15625,23403.29,7.661530603558356,52.64237677704947,100
final-multiseed-v1,20261002,100,HETEROGENEOUS,INDEPENDENT,ROUND_ROBIN,SCN-5FA657A3958A,4281.272,22726,23879.92,7.726648351648352,53.08980082417584,100
final-multiseed-v1,20261002,100,HETEROGENEOUS,INDEPENDENT,LEAST_UTILISED,SCN-5FA657A3958A,4632.648,21897,25636.8,6.320779562812747,43.430076376086376,100
final-multiseed-v1,20261002,100,HETEROGENEOUS,INDEPENDENT,RANDOM,SCN-5FA657A3958A,4287.508,21585,23911.1,7.5106400734373695,51.605607944588165,100
final-multiseed-v1,20261003,100,HETEROGENEOUS,INDEPENDENT,SYSTEM,SCN-B465132DBEF4,4093.6,13237,22928.55,7.85528813633289,53.68980339959414,100
final-multiseed-v1,20261003,100,HETEROGENEOUS,INDEPENDENT,SHORTEST_QUEUE,SCN-B465132DBEF4,4134.004,15403,23130.57,7.8006500541711805,53.316359696641385,100
final-multiseed-v1,20261003,100,HETEROGENEOUS,INDEPENDENT,ROUND_ROBIN,SCN-B465132DBEF4,4219.774,21211,23559.42,7.727311754099769,52.815102601528295,100
final-multiseed-v1,20261003,100,HETEROGENEOUS,INDEPENDENT,LEAST_UTILISED,SCN-B465132DBEF4,4407.832,22471,24499.71,7.101432122144632,48.5373022448416,100
final-multiseed-v1,20261003,100,HETEROGENEOUS,INDEPENDENT,RANDOM,SCN-B465132DBEF4,4242.224,22247,23671.67,7.773698985100411,53.13215288274671,100
final-multiseed-v1,20261004,100,HETEROGENEOUS,INDEPENDENT,SYSTEM,SCN-EA57D9817F65,4114.536,13969,23030.22,7.776889676178955,53.08893737443564,100
final-multiseed-v1,20261004,100,HETEROGENEOUS,INDEPENDENT,SHORTEST_QUEUE,SCN-EA57D9817F65,4129.734,16043,23106.21,7.619047619047619,52.011428571428574,100
final-multiseed-v1,20261004,100,HETEROGENEOUS,INDEPENDENT,ROUND_ROBIN,SCN-EA57D9817F65,4211.924,21434,23517.16,7.772356319357485,53.057990414093865,100
final-multiseed-v1,20261004,100,HETEROGENEOUS,INDEPENDENT,LEAST_UTILISED,SCN-EA57D9817F65,4315.864,16402,24036.86,7.9100017577781685,53.997626999472665,100
final-multiseed-v1,20261004,100,HETEROGENEOUS,INDEPENDENT,RANDOM,SCN-EA57D9817F65,4301.794,22291,23966.51,7.16974368166338,48.944255242875066,100
final-multiseed-v1,20261005,100,HETEROGENEOUS,INDEPENDENT,SYSTEM,SCN-06A438908BDE,4159.618,13787,23268.78,7.726150874557355,53.0247880673892,100
final-multiseed-v1,20261005,100,HETEROGENEOUS,INDEPENDENT,SHORTEST_QUEUE,SCN-06A438908BDE,4207.098,16638,23506.18,7.501093909528473,51.480215864813616,100
final-multiseed-v1,20261005,100,HETEROGENEOUS,INDEPENDENT,ROUND_ROBIN,SCN-06A438908BDE,4278.858,21041,23864.98,7.5026571910885105,51.49094470958464,100
final-multiseed-v1,20261005,100,HETEROGENEOUS,INDEPENDENT,LEAST_UTILISED,SCN-06A438908BDE,4613.632,26164,25538.85,6.514775873613348,44.71108778660489,100
final-multiseed-v1,20261005,100,HETEROGENEOUS,INDEPENDENT,RANDOM,SCN-06A438908BDE,4338.378,20920,24162.58,6.940963251455674,47.63602359927505,100
final-multiseed-v1,20261006,100,HETEROGENEOUS,INDEPENDENT,SYSTEM,SCN-1CCAFC3D9473,4013.902,12915,22531.31,7.894736842105264,53.98684210526314,100
final-multiseed-v1,20261006,100,HETEROGENEOUS,INDEPENDENT,SHORTEST_QUEUE,SCN-1CCAFC3D9473,4034.738,15729,22635.49,7.9044440541015275,54.05322325663095,100
final-multiseed-v1,20261006,100,HETEROGENEOUS,INDEPENDENT,ROUND_ROBIN,SCN-1CCAFC3D9473,4122.376,20677,23073.68,7.7259850630955444,52.832861189801704,100
final-multiseed-v1,20261006,100,HETEROGENEOUS,INDEPENDENT,LEAST_UTILISED,SCN-1CCAFC3D9473,4306.886,19333,23996.23,7.4072549947531945,50.6532787391206,100
final-multiseed-v1,20261006,100,HETEROGENEOUS,INDEPENDENT,RANDOM,SCN-1CCAFC3D9473,4165.264,20339,23288.12,7.752438788035403,53.01376057884876,100
final-multiseed-v1,20261007,100,HETEROGENEOUS,INDEPENDENT,SYSTEM,SCN-89A56DF5BD02,4141.434,13989,23210.41,7.658759706414211,53.254760131900866,100
final-multiseed-v1,20261007,100,HETEROGENEOUS,INDEPENDENT,SHORTEST_QUEUE,SCN-89A56DF5BD02,4180.772,15482,23407.1,7.6528985353202525,53.21400480431964,100
final-multiseed-v1,20261007,100,HETEROGENEOUS,INDEPENDENT,ROUND_ROBIN,SCN-89A56DF5BD02,4265.276,21978,23829.62,7.629219912263971,53.049356814376836,100
final-multiseed-v1,20261007,100,HETEROGENEOUS,INDEPENDENT,LEAST_UTILISED,SCN-89A56DF5BD02,5618.074,37549,30593.61,5.17799352750809,36.00489032722042,100
final-multiseed-v1,20261007,100,HETEROGENEOUS,INDEPENDENT,RANDOM,SCN-89A56DF5BD02,4292.59,22764,23966.19,7.249587176285795,50.40960167546015,100
final-multiseed-v1,20261008,100,HETEROGENEOUS,INDEPENDENT,SYSTEM,SCN-E24DCF283AEF,4081.6,12952,22857.24,7.716545559771076,52.499089018926966,100
final-multiseed-v1,20261008,100,HETEROGENEOUS,INDEPENDENT,SHORTEST_QUEUE,SCN-E24DCF283AEF,4096.174,15230,22930.11,7.705974270608129,52.42716784040071,100
final-multiseed-v1,20261008,100,HETEROGENEOUS,INDEPENDENT,ROUND_ROBIN,SCN-E24DCF283AEF,4177.954,21553,23339.01,7.752104911819807,52.74101509507095,100
final-multiseed-v1,20261008,100,HETEROGENEOUS,INDEPENDENT,LEAST_UTILISED,SCN-E24DCF283AEF,4673.892,19713,25818.7,6.090237011723706,41.43458916276158,100
final-multiseed-v1,20261008,100,HETEROGENEOUS,INDEPENDENT,RANDOM,SCN-E24DCF283AEF,4294.016,24501,23919.32,6.822963061236093,46.41965013361636,100
final-multiseed-v1,20261009,100,HETEROGENEOUS,INDEPENDENT,SYSTEM,SCN-EBC575D5F32D,4163.944,13953,23283.07,7.680491551459293,52.55483017579792,100
final-multiseed-v1,20261009,100,HETEROGENEOUS,INDEPENDENT,SHORTEST_QUEUE,SCN-EBC575D5F32D,4145.552,15509,23191.11,7.7271458928073145,52.87406898624139,100
final-multiseed-v1,20261009,100,HETEROGENEOUS,INDEPENDENT,ROUND_ROBIN,SCN-EBC575D5F32D,4234.994,21879,23638.32,7.779074290159471,53.22939625740092,100
final-multiseed-v1,20261009,100,HETEROGENEOUS,INDEPENDENT,LEAST_UTILISED,SCN-EBC575D5F32D,4545.7,22082,25191.85,7.25777186403774,49.66231200354825,100
final-multiseed-v1,20261009,100,HETEROGENEOUS,INDEPENDENT,RANDOM,SCN-EBC575D5F32D,4353.54,21950,24231.05,6.996404625400835,47.873870372169854,100
final-multiseed-v1,20261010,100,HETEROGENEOUS,INDEPENDENT,SYSTEM,SCN-17023AC75415,4031.538,12935,22602.69,7.9424612805012575,53.94254953007104,100
final-multiseed-v1,20261010,100,HETEROGENEOUS,INDEPENDENT,SHORTEST_QUEUE,SCN-17023AC75415,4036.116,14590,22625.58,7.803355442840422,52.99778904929119,100
final-multiseed-v1,20261010,100,HETEROGENEOUS,INDEPENDENT,ROUND_ROBIN,SCN-17023AC75415,4119.664,20550,23043.32,7.940534221496791,53.929461587665706,100
final-multiseed-v1,20261010,100,HETEROGENEOUS,INDEPENDENT,LEAST_UTILISED,SCN-17023AC75415,4404.96,22231,24469.8,7.350539039529565,49.92241097680497,100
final-multiseed-v1,20261010,100,HETEROGENEOUS,INDEPENDENT,RANDOM,SCN-17023AC75415,4183.128,21782,23360.64,7.508290403987737,50.99380566041671,100
final-multiseed-v1,20261011,100,HETEROGENEOUS,INDEPENDENT,SYSTEM,SCN-1DDBB8793018,4204.962,14060,23515.35,7.603277857565261,52.60074343161274,100
final-multiseed-v1,20261011,100,HETEROGENEOUS,INDEPENDENT,SHORTEST_QUEUE,SCN-1DDBB8793018,4227.144,15775,23626.26,7.782101167315175,53.837872892347605,100
final-multiseed-v1,20261011,100,HETEROGENEOUS,INDEPENDENT,ROUND_ROBIN,SCN-1DDBB8793018,4315.474,22037,24067.91,7.605848052057804,52.618524465477904,100
final-multiseed-v1,20261011,100,HETEROGENEOUS,INDEPENDENT,LEAST_UTILISED,SCN-1DDBB8793018,4553.922,21364,25260.15,7.490948437304923,51.82362978068168,100
final-multiseed-v1,20261011,100,HETEROGENEOUS,INDEPENDENT,RANDOM,SCN-1DDBB8793018,4398.352,21122,24482.3,6.874558405102451,47.55934080623294,100
final-multiseed-v1,20261012,100,HETEROGENEOUS,INDEPENDENT,SYSTEM,SCN-F2B936E4C82E,4103.55,13446,22976.24,7.712247477452388,52.66800916900534,100
final-multiseed-v1,20261012,100,HETEROGENEOUS,INDEPENDENT,SHORTEST_QUEUE,SCN-F2B936E4C82E,4121.194,16961,23064.46,7.714395919941714,52.68268118115973,100
final-multiseed-v1,20261012,100,HETEROGENEOUS,INDEPENDENT,ROUND_ROBIN,SCN-F2B936E4C82E,4206.066,22183,23488.82,7.8429663841746375,53.560706738415284,100
final-multiseed-v1,20261012,100,HETEROGENEOUS,INDEPENDENT,LEAST_UTILISED,SCN-F2B936E4C82E,4764.072,22412,26278.85,6.1430302202958895,41.95160657304234,100
final-multiseed-v1,20261012,100,HETEROGENEOUS,INDEPENDENT,RANDOM,SCN-F2B936E4C82E,4274.064,23909,23828.81,7.2095165618616575,49.23478992269796,100
final-multiseed-v1,20261013,100,HETEROGENEOUS,INDEPENDENT,SYSTEM,SCN-8B57E198B02F,4090.852,13515,22919.97,7.593014426727411,52.00603222812789,100
final-multiseed-v1,20261013,100,HETEROGENEOUS,INDEPENDENT,SHORTEST_QUEUE,SCN-8B57E198B02F,4092.528,15440,22928.35,7.787319647840101,53.33686646909948,100
final-multiseed-v1,20261013,100,HETEROGENEOUS,INDEPENDENT,ROUND_ROBIN,SCN-8B57E198B02F,4173.464,21600,23333.03,7.780755597821388,53.29190801417826,100
final-multiseed-v1,20261013,100,HETEROGENEOUS,INDEPENDENT,LEAST_UTILISED,SCN-8B57E198B02F,4773.126,31498,26331.34,5.905802450908017,40.449989336745574,100
final-multiseed-v1,20261013,100,HETEROGENEOUS,INDEPENDENT,RANDOM,SCN-8B57E198B02F,4198.312,22827,23457.27,7.370101953077017,50.47926135200426,100
final-multiseed-v1,20261014,100,HETEROGENEOUS,INDEPENDENT,SYSTEM,SCN-0362163BF3C7,4003.306,12358,22460.7,7.817929117442669,53.078743919388465,100
final-multiseed-v1,20261014,100,HETEROGENEOUS,INDEPENDENT,SHORTEST_QUEUE,SCN-0362163BF3C7,4017.052,14641,22529.43,7.9183529825796235,53.760557803976766,100
final-multiseed-v1,20261014,100,HETEROGENEOUS,INDEPENDENT,ROUND_ROBIN,SCN-0362163BF3C7,4092.908,20193,22908.71,7.842795520892336,53.247570911942844,100
final-multiseed-v1,20261014,100,HETEROGENEOUS,INDEPENDENT,LEAST_UTILISED,SCN-0362163BF3C7,5195.578,29911,28422.06,5.617100951786551,38.13652675924481,100
final-multiseed-v1,20261014,100,HETEROGENEOUS,INDEPENDENT,RANDOM,SCN-0362163BF3C7,4109.642,19705,22992.38,7.9223608635373335,53.78776875508902,100
final-multiseed-v1,20261015,100,HETEROGENEOUS,INDEPENDENT,SYSTEM,SCN-4ABC01CEE287,4180.876,13809,23391.74,7.731792702046778,53.42153304267519,100
final-multiseed-v1,20261015,100,HETEROGENEOUS,INDEPENDENT,SHORTEST_QUEUE,SCN-4ABC01CEE287,4185.006,15847,23412.39,7.7832789224482735,53.777268501502604,100
final-multiseed-v1,20261015,100,HETEROGENEOUS,INDEPENDENT,ROUND_ROBIN,SCN-4ABC01CEE287,4278.338,21973,23879.05,7.67819818282643,53.05123064454208,100
final-multiseed-v1,20261015,100,HETEROGENEOUS,INDEPENDENT,LEAST_UTILISED,SCN-4ABC01CEE287,4722.096,22800,26097.84,6.162589657120359,42.57938613759693,100
final-multiseed-v1,20261015,100,HETEROGENEOUS,INDEPENDENT,RANDOM,SCN-4ABC01CEE287,4353.522,24160,24254.97,7.092617767007506,49.005260358177196,100
final-multiseed-v1,20261016,100,HETEROGENEOUS,INDEPENDENT,SYSTEM,SCN-0104708680E0,4106.616,12987,23000.29,7.641203064971451,52.367923927578374,100
final-multiseed-v1,20261016,100,HETEROGENEOUS,INDEPENDENT,SHORTEST_QUEUE,SCN-0104708680E0,4133.604,15468,23135.23,7.7804192781499895,53.32202290901232,100
final-multiseed-v1,20261016,100,HETEROGENEOUS,INDEPENDENT,ROUND_ROBIN,SCN-0104708680E0,4215.18,21012,23543.11,7.796764342797739,53.4340415394278,100
final-multiseed-v1,20261016,100,HETEROGENEOUS,INDEPENDENT,LEAST_UTILISED,SCN-0104708680E0,5574.928,35125,30341.85,5.26131182041389,36.05766982345376,100
final-multiseed-v1,20261016,100,HETEROGENEOUS,INDEPENDENT,RANDOM,SCN-0104708680E0,4313.75,23852,24035.96,7.007844893033034,48.027291662611205,100
final-multiseed-v1,20261017,100,HETEROGENEOUS,INDEPENDENT,SYSTEM,SCN-A4D92CC3C282,4053.61,13412,22734.11,7.8957757599684175,54.087379918410306,100
final-multiseed-v1,20261017,100,HETEROGENEOUS,INDEPENDENT,SHORTEST_QUEUE,SCN-A4D92CC3C282,4090.854,14702,22920.33,7.876255278184961,53.95366136478002,100
final-multiseed-v1,20261017,100,HETEROGENEOUS,INDEPENDENT,ROUND_ROBIN,SCN-A4D92CC3C282,4183.984,21338,23385.98,7.852375343541421,53.79007983248265,100
final-multiseed-v1,20261017,100,HETEROGENEOUS,INDEPENDENT,LEAST_UTILISED,SCN-A4D92CC3C282,4692.094,17308,25926.53,6.7729008710703065,46.395499783643444,100
final-multiseed-v1,20261017,100,HETEROGENEOUS,INDEPENDENT,RANDOM,SCN-A4D92CC3C282,4236.084,21769,23646.48,7.066166800792981,48.404420279898716,100
final-multiseed-v1,20261018,100,HETEROGENEOUS,INDEPENDENT,SYSTEM,SCN-0B15578DF293,4183.102,13216,23404.13,7.651109410864575,52.890844172405004,100
final-multiseed-v1,20261018,100,HETEROGENEOUS,INDEPENDENT,SHORTEST_QUEUE,SCN-0B15578DF293,4233.336,15970,23655.3,7.529962977682026,52.05337907088624,100
final-multiseed-v1,20261018,100,HETEROGENEOUS,INDEPENDENT,ROUND_ROBIN,SCN-0B15578DF293,4318.144,22398,24079.34,7.722007722007723,53.38095238095239,100
final-multiseed-v1,20261018,100,HETEROGENEOUS,INDEPENDENT,LEAST_UTILISED,SCN-0B15578DF293,4464.998,23336,24813.61,7.43755552341797,51.41458174080119,100
final-multiseed-v1,20261018,100,HETEROGENEOUS,INDEPENDENT,RANDOM,SCN-0B15578DF293,4385.062,22564,24413.93,6.81224690610453,47.091927487416264,100
final-multiseed-v1,20261019,100,HETEROGENEOUS,INDEPENDENT,SYSTEM,SCN-0D3D3D9216BE,4099.272,12780,22951.83,7.848437942837211,53.5322330986069,100
final-multiseed-v1,20261019,100,HETEROGENEOUS,INDEPENDENT,SHORTEST_QUEUE,SCN-0D3D3D9216BE,4152.73,14374,23219.12,7.880738162474552,53.7525448216983,100
final-multiseed-v1,20261019,100,HETEROGENEOUS,INDEPENDENT,ROUND_ROBIN,SCN-0D3D3D9216BE,4228.18,21861,23596.37,7.869884575026233,53.67851521511018,100
final-multiseed-v1,20261019,100,HETEROGENEOUS,INDEPENDENT,LEAST_UTILISED,SCN-0D3D3D9216BE,4608.752,22814,25499.23,6.230098297106465,42.49394295998892,100
final-multiseed-v1,20261019,100,HETEROGENEOUS,INDEPENDENT,RANDOM,SCN-0D3D3D9216BE,4252.86,23118,23719.77,7.554455030007975,51.52704914592689,100
final-multiseed-v1,20261020,100,HETEROGENEOUS,INDEPENDENT,SYSTEM,SCN-BA44ED7E2845,4047.778,14053,22697.31,7.754442649434572,52.95465805061927,100
final-multiseed-v1,20261020,100,HETEROGENEOUS,INDEPENDENT,SHORTEST_QUEUE,SCN-BA44ED7E2845,4049.91,15414,22707.97,7.851005364853666,53.61407946962097,100
final-multiseed-v1,20261020,100,HETEROGENEOUS,INDEPENDENT,ROUND_ROBIN,SCN-BA44ED7E2845,4132.776,21071,23122.3,7.813686975017907,53.35923425867645,100
final-multiseed-v1,20261020,100,HETEROGENEOUS,INDEPENDENT,LEAST_UTILISED,SCN-BA44ED7E2845,4395.542,20290,24436.13,7.792545131823888,53.21485778605135,100
final-multiseed-v1,20261020,100,HETEROGENEOUS,INDEPENDENT,RANDOM,SCN-BA44ED7E2845,4218.372,22288,23550.28,6.9957248348231635,47.77341624562767,100
final-multiseed-v1,20261021,100,HETEROGENEOUS,INDEPENDENT,SYSTEM,SCN-E55DBCB31955,4107.728,13183,23016.92,7.827107883636995,53.882680349610816,100
final-multiseed-v1,20261021,100,HETEROGENEOUS,INDEPENDENT,SHORTEST_QUEUE,SCN-E55DBCB31955,4152.318,14785,23239.87,7.824556065117694,53.865113347388544,100
final-multiseed-v1,20261021,100,HETEROGENEOUS,INDEPENDENT,ROUND_ROBIN,SCN-E55DBCB31955,4234.098,21381,23648.77,7.820136852394917,53.834690995981326,100
final-multiseed-v1,20261021,100,HETEROGENEOUS,INDEPENDENT,LEAST_UTILISED,SCN-E55DBCB31955,4314.426,18862,24050.41,7.305491294289541,50.29181379114412,100
final-multiseed-v1,20261021,100,HETEROGENEOUS,INDEPENDENT,RANDOM,SCN-E55DBCB31955,4351.188,23554,24234.22,6.871278057718736,47.30264162467552,100
final-multiseed-v1,20261022,100,HETEROGENEOUS,INDEPENDENT,SYSTEM,SCN-64FF1F72D7DE,4096.798,13169,22954.62,7.567476666946944,51.93454132683091,100
final-multiseed-v1,20261022,100,HETEROGENEOUS,INDEPENDENT,SHORTEST_QUEUE,SCN-64FF1F72D7DE,4123.522,16031,23088.24,7.760460453986936,53.258962253982624,100
final-multiseed-v1,20261022,100,HETEROGENEOUS,INDEPENDENT,ROUND_ROBIN,SCN-64FF1F72D7DE,4211.966,20630,23530.46,7.713404182379157,52.93602159753171,100
final-multiseed-v1,20261022,100,HETEROGENEOUS,INDEPENDENT,LEAST_UTILISED,SCN-64FF1F72D7DE,4640.938,27866,25675.32,6.42535874919683,44.09634468480046,100
final-multiseed-v1,20261022,100,HETEROGENEOUS,INDEPENDENT,RANDOM,SCN-64FF1F72D7DE,4392.832,23445,24434.79,6.549026741859196,44.945060942332184,100
final-multiseed-v1,20261023,100,HETEROGENEOUS,INDEPENDENT,SYSTEM,SCN-FC0958D8D373,4130.422,14135,23120.27,7.696089958740407,52.76439275712422,100
final-multiseed-v1,20261023,100,HETEROGENEOUS,INDEPENDENT,SHORTEST_QUEUE,SCN-FC0958D8D373,4138.488,15791,23160.6,7.8828089075740655,54.0445378703278,100
final-multiseed-v1,20261023,100,HETEROGENEOUS,INDEPENDENT,ROUND_ROBIN,SCN-FC0958D8D373,4217.5,21899,23555.66,7.658108021868153,52.50398859792806,100
final-multiseed-v1,20261023,100,HETEROGENEOUS,INDEPENDENT,LEAST_UTILISED,SCN-FC0958D8D373,5076.134,29943,27848.83,5.619292905642706,38.5258721610864,100
final-multiseed-v1,20261023,100,HETEROGENEOUS,INDEPENDENT,RANDOM,SCN-FC0958D8D373,4308.95,23634,24012.91,6.890084020746809,47.23841604624012,100
final-multiseed-v1,20261024,100,HETEROGENEOUS,INDEPENDENT,SYSTEM,SCN-E133E42ED3FC,4037.322,13542,22658.4,7.614535301831719,52.28203392698507,100
final-multiseed-v1,20261024,100,HETEROGENEOUS,INDEPENDENT,SHORTEST_QUEUE,SCN-E133E42ED3FC,4067.952,16097,22811.55,7.923058300503994,54.400378546118795,100
final-multiseed-v1,20261024,100,HETEROGENEOUS,INDEPENDENT,ROUND_ROBIN,SCN-E133E42ED3FC,4150.93,20426,23226.44,7.8277886497064575,53.74624918460535,100
final-multiseed-v1,20261024,100,HETEROGENEOUS,INDEPENDENT,LEAST_UTILISED,SCN-E133E42ED3FC,4947.502,27880,27209.3,5.849378503533999,40.16232025347307,100
final-multiseed-v1,20261024,100,HETEROGENEOUS,INDEPENDENT,RANDOM,SCN-E133E42ED3FC,4221.378,22611,23578.68,7.147395171537484,49.07461086404066,100
final-multiseed-v1,20261025,100,HETEROGENEOUS,INDEPENDENT,SYSTEM,SCN-D92B800A9475,4048.93,13346,22711.77,8.04163781356803,55.11023745169433,100
final-multiseed-v1,20261025,100,HETEROGENEOUS,INDEPENDENT,SHORTEST_QUEUE,SCN-D92B800A9475,4077.198,14801,22853.11,7.798622243403665,53.44482474762792,100
final-multiseed-v1,20261025,100,HETEROGENEOUS,INDEPENDENT,ROUND_ROBIN,SCN-D92B800A9475,4166.896,20923,23301.6,7.833068604625862,53.680889488457105,100
final-multiseed-v1,20261025,100,HETEROGENEOUS,INDEPENDENT,LEAST_UTILISED,SCN-D92B800A9475,4365.81,20430,24296.17,6.812118001021817,46.684201563002624,100
final-multiseed-v1,20261025,100,HETEROGENEOUS,INDEPENDENT,RANDOM,SCN-D92B800A9475,4297.846,25894,23956.35,6.841765175415257,46.887376943251354,100
final-multiseed-v1,20261026,100,HETEROGENEOUS,INDEPENDENT,SYSTEM,SCN-F6E921FE0DA0,4144.846,13085,23183.28,7.748600947051227,52.92832544123978,100
final-multiseed-v1,20261026,100,HETEROGENEOUS,INDEPENDENT,SHORTEST_QUEUE,SCN-F6E921FE0DA0,4120.412,15113,23061.11,7.820646506777893,53.4204466458116,100
final-multiseed-v1,20261026,100,HETEROGENEOUS,INDEPENDENT,ROUND_ROBIN,SCN-F6E921FE0DA0,4215.7,21158,23537.55,7.878668505022651,53.81677718687765,100
final-multiseed-v1,20261026,100,HETEROGENEOUS,INDEPENDENT,LEAST_UTILISED,SCN-F6E921FE0DA0,4512.982,20184,25023.96,7.2328370803447655,49.40530006228276,100
final-multiseed-v1,20261026,100,HETEROGENEOUS,INDEPENDENT,RANDOM,SCN-F6E921FE0DA0,4273,23374,23824.05,7.902708872985907,53.980989594766655,100
final-multiseed-v1,20261027,100,HETEROGENEOUS,INDEPENDENT,SYSTEM,SCN-6161739365C8,4053.942,12803,22721.52,8.026576887917772,54.665670776571325,100
final-multiseed-v1,20261027,100,HETEROGENEOUS,INDEPENDENT,SHORTEST_QUEUE,SCN-6161739365C8,4104.104,15009,22972.33,7.9471953023245545,54.12503587275656,100
final-multiseed-v1,20261027,100,HETEROGENEOUS,INDEPENDENT,ROUND_ROBIN,SCN-6161739365C8,4179.774,21232,23350.68,7.893178977833322,53.75715319344865,100
final-multiseed-v1,20261027,100,HETEROGENEOUS,INDEPENDENT,LEAST_UTILISED,SCN-6161739365C8,4595.182,23548,25427.72,6.224712107065048,42.393920531175425,100
final-multiseed-v1,20261027,100,HETEROGENEOUS,INDEPENDENT,RANDOM,SCN-6161739365C8,4193.732,20139,23420.47,7.914349154703541,53.90133444720469,100
final-multiseed-v1,20261028,100,HETEROGENEOUS,INDEPENDENT,SYSTEM,SCN-0068FCA21736,4123.288,13554,23091.77,7.554772097708386,51.945983379501385,100
final-multiseed-v1,20261028,100,HETEROGENEOUS,INDEPENDENT,SHORTEST_QUEUE,SCN-0068FCA21736,4160.316,16090,23276.91,7.615823989845567,52.365771102178975,100
final-multiseed-v1,20261028,100,HETEROGENEOUS,INDEPENDENT,ROUND_ROBIN,SCN-0068FCA21736,4241.79,21806,23684.28,7.670345591681936,52.740657092939024,100
final-multiseed-v1,20261028,100,HETEROGENEOUS,INDEPENDENT,LEAST_UTILISED,SCN-0068FCA21736,4718.138,28541,26066.02,6.121095676126027,42.08814377773622,100
final-multiseed-v1,20261028,100,HETEROGENEOUS,INDEPENDENT,RANDOM,SCN-0068FCA21736,4268.432,20863,23817.49,7.45048531633519,51.2289161613444,100
final-multiseed-v1,20261029,100,HETEROGENEOUS,INDEPENDENT,SYSTEM,SCN-3ADF1BFFEEC1,4201.87,14090,23488.28,7.651109410864575,52.684901810762554,100
final-multiseed-v1,20261029,100,HETEROGENEOUS,INDEPENDENT,SHORTEST_QUEUE,SCN-3ADF1BFFEEC1,4225.428,16178,23606.07,7.608098398072616,52.38873156092818,100
final-multiseed-v1,20261029,100,HETEROGENEOUS,INDEPENDENT,ROUND_ROBIN,SCN-3ADF1BFFEEC1,4301.838,22576,23988.12,7.546536978031193,51.96482475264128,100
final-multiseed-v1,20261029,100,HETEROGENEOUS,INDEPENDENT,LEAST_UTILISED,SCN-3ADF1BFFEEC1,5046.77,26904,27712.78,5.707219632835536,39.29943879006944,100
final-multiseed-v1,20261029,100,HETEROGENEOUS,INDEPENDENT,RANDOM,SCN-3ADF1BFFEEC1,4301.966,22752,23988.76,7.505785709817985,51.68421491566416,100
final-multiseed-v1,20261030,100,HETEROGENEOUS,INDEPENDENT,SYSTEM,SCN-E9D451E5DFEF,4019.952,13233,22546.88,7.846385213922975,53.33623940193108,100
final-multiseed-v1,20261030,100,HETEROGENEOUS,INDEPENDENT,SHORTEST_QUEUE,SCN-E9D451E5DFEF,4046.834,14912,22681.29,7.8211562275956465,53.164743965760714,100
final-multiseed-v1,20261030,100,HETEROGENEOUS,INDEPENDENT,ROUND_ROBIN,SCN-E9D451E5DFEF,4126.594,21543,23080.09,7.861120209629872,53.436401353859594,100
final-multiseed-v1,20261030,100,HETEROGENEOUS,INDEPENDENT,LEAST_UTILISED,SCN-E9D451E5DFEF,4213.044,14592,23512.34,7.82898027531914,53.217928364830485,100
final-multiseed-v1,20261030,100,HETEROGENEOUS,INDEPENDENT,RANDOM,SCN-E9D451E5DFEF,4180.116,22133,23347.7,7.470739603220719,50.7827674939819,100
final-multiseed-v1,20261001,100,HETEROGENEOUS,SEQUENTIAL,SYSTEM,SCN-80D28D5D3B56,4279.204,13107,23840.01,7.753440589261484,52.63703129374771,100
final-multiseed-v1,20261001,100,HETEROGENEOUS,SEQUENTIAL,SHORTEST_QUEUE,SCN-80D28D5D3B56,4279.204,13107,23840.01,7.753440589261484,52.63703129374771,100
final-multiseed-v1,20261001,100,HETEROGENEOUS,SEQUENTIAL,ROUND_ROBIN,SCN-80D28D5D3B56,4277.716,13031,23832.57,7.7915332005886935,52.89563674140768,100
final-multiseed-v1,20261001,100,HETEROGENEOUS,SEQUENTIAL,LEAST_UTILISED,SCN-80D28D5D3B56,4394.866,15327,24418.32,7.155066184362205,48.57475056644274,100
final-multiseed-v1,20261001,100,HETEROGENEOUS,SEQUENTIAL,RANDOM,SCN-80D28D5D3B56,4591.042,13750,25399.2,7.501875468867217,50.92919063099107,100
final-multiseed-v1,20261002,100,HETEROGENEOUS,SEQUENTIAL,SYSTEM,SCN-186405578DD6,4389.074,13470,24418.93,7.49593969932953,51.5046016740932,100
final-multiseed-v1,20261002,100,HETEROGENEOUS,SEQUENTIAL,SHORTEST_QUEUE,SCN-186405578DD6,4389.074,13470,24418.93,7.49593969932953,51.5046016740932,100
final-multiseed-v1,20261002,100,HETEROGENEOUS,SEQUENTIAL,ROUND_ROBIN,SCN-186405578DD6,4387.234,13415,24409.73,7.54780275075478,51.8609527004361,100
final-multiseed-v1,20261002,100,HETEROGENEOUS,SEQUENTIAL,LEAST_UTILISED,SCN-186405578DD6,4501.506,17122,24981.09,7.024253185303701,48.263643636221744,100
final-multiseed-v1,20261002,100,HETEROGENEOUS,SEQUENTIAL,RANDOM,SCN-186405578DD6,4506.61,14411,25006.61,7.011803202056796,48.178099801332245,100
final-multiseed-v1,20261003,100,HETEROGENEOUS,SEQUENTIAL,SYSTEM,SCN-D70C3568ECEE,4342.05,13289,24170.8,7.734616706772087,52.86503093846683,100
final-multiseed-v1,20261003,100,HETEROGENEOUS,SEQUENTIAL,SHORTEST_QUEUE,SCN-D70C3568ECEE,4342.05,13289,24170.8,7.734616706772087,52.86503093846683,100
final-multiseed-v1,20261003,100,HETEROGENEOUS,SEQUENTIAL,ROUND_ROBIN,SCN-D70C3568ECEE,4343.498,13244,24178.04,7.659737441222154,52.35324155833102,100
final-multiseed-v1,20261003,100,HETEROGENEOUS,SEQUENTIAL,LEAST_UTILISED,SCN-D70C3568ECEE,4473.186,17562,24826.48,6.787714237230612,46.39308407338274,100
final-multiseed-v1,20261003,100,HETEROGENEOUS,SEQUENTIAL,RANDOM,SCN-D70C3568ECEE,4558.012,14118,25250.61,6.956521739130435,47.546859903381645,100
final-multiseed-v1,20261004,100,HETEROGENEOUS,SEQUENTIAL,SYSTEM,SCN-7609BFB143B4,4348.126,13216,24198.17,7.642663043478261,52.17263926630435,100
final-multiseed-v1,20261004,100,HETEROGENEOUS,SEQUENTIAL,SHORTEST_QUEUE,SCN-7609BFB143B4,4348.126,13216,24198.17,7.642663043478261,52.17263926630435,100
final-multiseed-v1,20261004,100,HETEROGENEOUS,SEQUENTIAL,ROUND_ROBIN,SCN-7609BFB143B4,4351.424,13215,24214.66,7.693787266782073,52.52163877668782,100
final-multiseed-v1,20261004,100,HETEROGENEOUS,SEQUENTIAL,LEAST_UTILISED,SCN-7609BFB143B4,4519.114,17313,25053.11,6.732621420957154,45.96024013016402,100
final-multiseed-v1,20261004,100,HETEROGENEOUS,SEQUENTIAL,RANDOM,SCN-7609BFB143B4,4534.172,13956,25128.4,6.758152020875181,46.13452477050443,100
final-multiseed-v1,20261005,100,HETEROGENEOUS,SEQUENTIAL,SYSTEM,SCN-53474176DFF7,4418.852,13556,24564.95,7.588212975844189,52.078116436912445,100
final-multiseed-v1,20261005,100,HETEROGENEOUS,SEQUENTIAL,SHORTEST_QUEUE,SCN-53474176DFF7,4418.852,13556,24564.95,7.588212975844189,52.078116436912445,100
final-multiseed-v1,20261005,100,HETEROGENEOUS,SEQUENTIAL,ROUND_ROBIN,SCN-53474176DFF7,4423.756,13603,24589.47,7.467640225688682,51.25062230335213,100
final-multiseed-v1,20261005,100,HETEROGENEOUS,SEQUENTIAL,LEAST_UTILISED,SCN-53474176DFF7,4646.736,16466,25704.37,6.512418820890392,44.69491126829356,100
final-multiseed-v1,20261005,100,HETEROGENEOUS,SEQUENTIAL,RANDOM,SCN-53474176DFF7,4667.262,15818,25807,6.455662153680624,44.30538868465884,100
final-multiseed-v1,20261006,100,HETEROGENEOUS,SEQUENTIAL,SYSTEM,SCN-5B0C7782BB45,4228.424,13101,23603.92,7.650946804667078,52.31972456591503,100
final-multiseed-v1,20261006,100,HETEROGENEOUS,SEQUENTIAL,SHORTEST_QUEUE,SCN-5B0C7782BB45,4228.424,13101,23603.92,7.650946804667078,52.31972456591503,100
final-multiseed-v1,20261006,100,HETEROGENEOUS,SEQUENTIAL,ROUND_ROBIN,SCN-5B0C7782BB45,4226.154,13115,23592.57,7.609545752393836,52.036610370119845,100
final-multiseed-v1,20261006,100,HETEROGENEOUS,SEQUENTIAL,LEAST_UTILISED,SCN-5B0C7782BB45,4555.704,17865,25240.32,6.311913737178926,43.162970106075214,100
final-multiseed-v1,20261006,100,HETEROGENEOUS,SEQUENTIAL,RANDOM,SCN-5B0C7782BB45,4476.928,13970,24846.44,7.069913589945012,48.34642576590731,100
final-multiseed-v1,20261007,100,HETEROGENEOUS,SEQUENTIAL,SYSTEM,SCN-66FA96E79B58,4365.616,13576,24331.32,7.5026571910885105,52.169309963945565,100
final-multiseed-v1,20261007,100,HETEROGENEOUS,SEQUENTIAL,SHORTEST_QUEUE,SCN-66FA96E79B58,4365.616,13576,24331.32,7.5026571910885105,52.169309963945565,100
final-multiseed-v1,20261007,100,HETEROGENEOUS,SEQUENTIAL,ROUND_ROBIN,SCN-66FA96E79B58,4364.152,13568,24324,7.449251970947918,51.797959732654625,100
final-multiseed-v1,20261007,100,HETEROGENEOUS,SEQUENTIAL,LEAST_UTILISED,SCN-66FA96E79B58,4487.768,16809,24942.08,7.021924007177967,48.82655847702271,100
final-multiseed-v1,20261007,100,HETEROGENEOUS,SEQUENTIAL,RANDOM,SCN-66FA96E79B58,4472.012,14259,24863.3,6.8174071128280875,47.404461614210504,100
final-multiseed-v1,20261008,100,HETEROGENEOUS,SEQUENTIAL,SYSTEM,SCN-E37C8BF72764,4296.872,13139,23933.6,7.691485952355518,52.328597372075635,100
final-multiseed-v1,20261008,100,HETEROGENEOUS,SEQUENTIAL,SHORTEST_QUEUE,SCN-E37C8BF72764,4296.872,13139,23933.6,7.691485952355518,52.328597372075635,100
final-multiseed-v1,20261008,100,HETEROGENEOUS,SEQUENTIAL,ROUND_ROBIN,SCN-E37C8BF72764,4296.536,13199,23931.92,7.711751852962598,52.46647530097255,100
final-multiseed-v1,20261008,100,HETEROGENEOUS,SEQUENTIAL,LEAST_UTILISED,SCN-E37C8BF72764,4393.32,16281,24415.84,7.212983370066119,49.073131636946506,100
final-multiseed-v1,20261008,100,HETEROGENEOUS,SEQUENTIAL,RANDOM,SCN-E37C8BF72764,4329.03,13262,24094.39,7.701687953276426,52.3980061185632,100
final-multiseed-v1,20261009,100,HETEROGENEOUS,SEQUENTIAL,SYSTEM,SCN-4074FF6C1B65,4343.548,13349,24181.09,7.675742521481419,52.52233427858681,100
final-multiseed-v1,20261009,100,HETEROGENEOUS,SEQUENTIAL,SHORTEST_QUEUE,SCN-4074FF6C1B65,4343.548,13349,24181.09,7.675742521481419,52.52233427858681,100
final-multiseed-v1,20261009,100,HETEROGENEOUS,SEQUENTIAL,ROUND_ROBIN,SCN-4074FF6C1B65,4340.61,13429,24166.4,7.5639786527713575,51.757574484178676,100
final-multiseed-v1,20261009,100,HETEROGENEOUS,SEQUENTIAL,LEAST_UTILISED,SCN-4074FF6C1B65,4737.568,17273,26151.19,6.182274046470092,42.30306881214474,100
final-multiseed-v1,20261009,100,HETEROGENEOUS,SEQUENTIAL,RANDOM,SCN-4074FF6C1B65,4544.058,14728,25183.64,6.763611768684478,46.28095291774696,100
final-multiseed-v1,20261010,100,HETEROGENEOUS,SEQUENTIAL,SYSTEM,SCN-0CE5FA81F5E7,4248.354,13126,23686.77,7.816231707846629,53.085240349125,100
final-multiseed-v1,20261010,100,HETEROGENEOUS,SEQUENTIAL,SHORTEST_QUEUE,SCN-0CE5FA81F5E7,4248.354,13126,23686.77,7.816231707846629,53.085240349125,100
final-multiseed-v1,20261010,100,HETEROGENEOUS,SEQUENTIAL,ROUND_ROBIN,SCN-0CE5FA81F5E7,4229.126,13144,23590.63,7.734118203106537,52.52755279609856,100
final-multiseed-v1,20261010,100,HETEROGENEOUS,SEQUENTIAL,LEAST_UTILISED,SCN-0CE5FA81F5E7,4428.058,17234,24585.29,6.720179204778794,45.64121709912265,100
final-multiseed-v1,20261010,100,HETEROGENEOUS,SEQUENTIAL,RANDOM,SCN-0CE5FA81F5E7,4499.97,16388,24944.85,6.6771770379300746,45.34916071594176,100
final-multiseed-v1,20261011,100,HETEROGENEOUS,SEQUENTIAL,SYSTEM,SCN-BC38B14F1F69,4428.346,13492,24632.27,7.507350947803057,51.93710508205952,100
final-multiseed-v1,20261011,100,HETEROGENEOUS,SEQUENTIAL,SHORTEST_QUEUE,SCN-BC38B14F1F69,4428.346,13492,24632.27,7.507350947803057,51.93710508205952,100
final-multiseed-v1,20261011,100,HETEROGENEOUS,SEQUENTIAL,ROUND_ROBIN,SCN-BC38B14F1F69,4428.73,13503,24634.19,7.549385563897161,52.22790756196788,100
final-multiseed-v1,20261011,100,HETEROGENEOUS,SEQUENTIAL,LEAST_UTILISED,SCN-BC38B14F1F69,4872.498,18005,26853.03,5.958686440677965,41.22318591101695,100
final-multiseed-v1,20261011,100,HETEROGENEOUS,SEQUENTIAL,RANDOM,SCN-BC38B14F1F69,4481.332,13236,24897.2,7.167459732813029,49.585681008222664,100
final-multiseed-v1,20261012,100,HETEROGENEOUS,SEQUENTIAL,SYSTEM,SCN-CCA9BFD448D7,4344.03,13138,24178.64,7.669038387797707,52.372928294491075,100
final-multiseed-v1,20261012,100,HETEROGENEOUS,SEQUENTIAL,SHORTEST_QUEUE,SCN-CCA9BFD448D7,4344.03,13138,24178.64,7.669038387797707,52.372928294491075,100
final-multiseed-v1,20261012,100,HETEROGENEOUS,SEQUENTIAL,ROUND_ROBIN,SCN-CCA9BFD448D7,4341.14,13291,24164.19,7.6701821668264625,52.38073932033664,100
final-multiseed-v1,20261012,100,HETEROGENEOUS,SEQUENTIAL,LEAST_UTILISED,SCN-CCA9BFD448D7,4570.266,17530,25309.82,6.549265026924757,44.725840489011794,100
final-multiseed-v1,20261012,100,HETEROGENEOUS,SEQUENTIAL,RANDOM,SCN-CCA9BFD448D7,4491.336,14392,24915.17,7.344840249724569,50.15893418207043,100
final-multiseed-v1,20261013,100,HETEROGENEOUS,SEQUENTIAL,SYSTEM,SCN-3A0D77C2C2BF,4299.54,13413,23963.41,7.599907112246405,52.05324157149191,100
final-multiseed-v1,20261013,100,HETEROGENEOUS,SEQUENTIAL,SHORTEST_QUEUE,SCN-3A0D77C2C2BF,4299.54,13413,23963.41,7.599907112246405,52.05324157149191,100
final-multiseed-v1,20261013,100,HETEROGENEOUS,SEQUENTIAL,ROUND_ROBIN,SCN-3A0D77C2C2BF,4299.566,13285,23963.54,7.575598156604449,51.88674480755876,100
final-multiseed-v1,20261013,100,HETEROGENEOUS,SEQUENTIAL,LEAST_UTILISED,SCN-3A0D77C2C2BF,4393.83,16449,24434.86,7.49984375325514,51.36788816899648,100
final-multiseed-v1,20261013,100,HETEROGENEOUS,SEQUENTIAL,RANDOM,SCN-3A0D77C2C2BF,4492.804,13936,24929.73,6.8318973697195124,46.792993509697496,100
final-multiseed-v1,20261014,100,HETEROGENEOUS,SEQUENTIAL,SYSTEM,SCN-691B76A5E0D0,4284.788,13073,23868.11,7.760293166630739,52.68743263634404,100
final-multiseed-v1,20261014,100,HETEROGENEOUS,SEQUENTIAL,SHORTEST_QUEUE,SCN-691B76A5E0D0,4284.788,13073,23868.11,7.760293166630739,52.68743263634404,100
final-multiseed-v1,20261014,100,HETEROGENEOUS,SEQUENTIAL,ROUND_ROBIN,SCN-691B76A5E0D0,4244.424,13010,23666.29,7.755277897457993,52.65338216286084,100
final-multiseed-v1,20261014,100,HETEROGENEOUS,SEQUENTIAL,LEAST_UTILISED,SCN-691B76A5E0D0,4365.944,16623,24273.89,7.009755242712775,47.59175964328135,100
final-multiseed-v1,20261014,100,HETEROGENEOUS,SEQUENTIAL,RANDOM,SCN-691B76A5E0D0,4457.37,14096,24731.02,7.040738495237722,47.80211613306996,100
final-multiseed-v1,20261015,100,HETEROGENEOUS,SEQUENTIAL,SYSTEM,SCN-9666DB1522C6,4403.898,13514,24506.85,7.547486267768041,52.148098452765325,100
final-multiseed-v1,20261015,100,HETEROGENEOUS,SEQUENTIAL,SHORTEST_QUEUE,SCN-9666DB1522C6,4403.898,13514,24506.85,7.547486267768041,52.148098452765325,100
final-multiseed-v1,20261015,100,HETEROGENEOUS,SEQUENTIAL,ROUND_ROBIN,SCN-9666DB1522C6,4403.802,13521,24506.37,7.559531309058838,52.23132165805721,100
final-multiseed-v1,20261015,100,HETEROGENEOUS,SEQUENTIAL,LEAST_UTILISED,SCN-9666DB1522C6,4429.072,16214,24632.72,7.3993381703081,51.12449386471543,100
final-multiseed-v1,20261015,100,HETEROGENEOUS,SEQUENTIAL,RANDOM,SCN-9666DB1522C6,4496.004,13570,24967.38,7.448635451366618,51.46510521197574,100
final-multiseed-v1,20261016,100,HETEROGENEOUS,SEQUENTIAL,SYSTEM,SCN-5E4260048326,4343.694,13301,24185.68,7.640067911714771,52.36014431239389,100
final-multiseed-v1,20261016,100,HETEROGENEOUS,SEQUENTIAL,SHORTEST_QUEUE,SCN-5E4260048326,4343.694,13301,24185.68,7.640067911714771,52.36014431239389,100
final-multiseed-v1,20261016,100,HETEROGENEOUS,SEQUENTIAL,ROUND_ROBIN,SCN-5E4260048326,4342.628,13274,24180.35,7.644935230409853,52.39350180505416,100
final-multiseed-v1,20261016,100,HETEROGENEOUS,SEQUENTIAL,LEAST_UTILISED,SCN-5E4260048326,4732.62,18289,26130.31,6.1376888191768675,42.06379786544823,100
final-multiseed-v1,20261016,100,HETEROGENEOUS,SEQUENTIAL,RANDOM,SCN-5E4260048326,4497.388,14027,24954.15,7.073247406475951,48.47551870480981,100
final-multiseed-v1,20261017,100,HETEROGENEOUS,SEQUENTIAL,SYSTEM,SCN-9E0AB72EB14B,4305.054,13135,23991.33,7.730962504831851,52.958381651848995,100
final-multiseed-v1,20261017,100,HETEROGENEOUS,SEQUENTIAL,SHORTEST_QUEUE,SCN-9E0AB72EB14B,4305.054,13135,23991.33,7.730962504831851,52.958381651848995,100
final-multiseed-v1,20261017,100,HETEROGENEOUS,SEQUENTIAL,ROUND_ROBIN,SCN-9E0AB72EB14B,4307.9,13191,24005.56,7.7347828889414085,52.984551919730144,100
final-multiseed-v1,20261017,100,HETEROGENEOUS,SEQUENTIAL,LEAST_UTILISED,SCN-9E0AB72EB14B,4681.26,17593,25872.36,6.28557460627859,43.05723364877606,100
final-multiseed-v1,20261017,100,HETEROGENEOUS,SEQUENTIAL,RANDOM,SCN-9E0AB72EB14B,4332.752,13442,24129.82,7.551602617888907,51.72973653297534,100
final-multiseed-v1,20261018,100,HETEROGENEOUS,SEQUENTIAL,SYSTEM,SCN-6EA7780970E4,4458.778,13512,24782.51,7.489857484656194,51.776136481847495,100
final-multiseed-v1,20261018,100,HETEROGENEOUS,SEQUENTIAL,SHORTEST_QUEUE,SCN-6EA7780970E4,4458.778,13512,24782.51,7.489857484656194,51.776136481847495,100
final-multiseed-v1,20261018,100,HETEROGENEOUS,SEQUENTIAL,ROUND_ROBIN,SCN-6EA7780970E4,4457.742,13598,24777.33,7.49593969932953,51.81818181818183,100
final-multiseed-v1,20261018,100,HETEROGENEOUS,SEQUENTIAL,LEAST_UTILISED,SCN-6EA7780970E4,4600.274,17234,25489.99,6.75498179907682,46.696063346718205,100
final-multiseed-v1,20261018,100,HETEROGENEOUS,SEQUENTIAL,RANDOM,SCN-6EA7780970E4,4641.604,14281,25696.64,6.997628581425184,48.37344011196206,100
final-multiseed-v1,20261019,100,HETEROGENEOUS,SEQUENTIAL,SYSTEM,SCN-9EF0FA19E233,4357.038,13161,24240.66,7.708614376565812,52.57853150896126,100
final-multiseed-v1,20261019,100,HETEROGENEOUS,SEQUENTIAL,SHORTEST_QUEUE,SCN-9EF0FA19E233,4357.038,13161,24240.66,7.708614376565812,52.57853150896126,100
final-multiseed-v1,20261019,100,HETEROGENEOUS,SEQUENTIAL,ROUND_ROBIN,SCN-9EF0FA19E233,4356.676,13165,24238.85,7.649646203863071,52.176324344999045,100
final-multiseed-v1,20261019,100,HETEROGENEOUS,SEQUENTIAL,LEAST_UTILISED,SCN-9EF0FA19E233,4450.342,17331,24707.18,7.154213036565977,48.79709856915739,100
final-multiseed-v1,20261019,100,HETEROGENEOUS,SEQUENTIAL,RANDOM,SCN-9EF0FA19E233,4603.854,13912,25474.74,7.125467608811829,48.60103319280328,100
final-multiseed-v1,20261020,100,HETEROGENEOUS,SEQUENTIAL,SYSTEM,SCN-5D3EEB32C57C,4228.196,13049,23599.4,7.781764731312957,53.14123902987334,100
final-multiseed-v1,20261020,100,HETEROGENEOUS,SEQUENTIAL,SHORTEST_QUEUE,SCN-5D3EEB32C57C,4228.196,13049,23599.4,7.781764731312957,53.14123902987334,100
final-multiseed-v1,20261020,100,HETEROGENEOUS,SEQUENTIAL,ROUND_ROBIN,SCN-5D3EEB32C57C,4228.264,13137,23599.74,7.784625364904314,53.16077413774461,100
final-multiseed-v1,20261020,100,HETEROGENEOUS,SEQUENTIAL,LEAST_UTILISED,SCN-5D3EEB32C57C,4370.292,16975,24309.88,6.940026603435314,47.39305611782622,100
final-multiseed-v1,20261020,100,HETEROGENEOUS,SEQUENTIAL,RANDOM,SCN-5D3EEB32C57C,4324.966,14067,24083.25,7.520996114152007,51.36046463042661,100
final-multiseed-v1,20261021,100,HETEROGENEOUS,SEQUENTIAL,SYSTEM,SCN-B3E03797E2E9,4379.78,13451,24377.18,7.582459244281562,52.198491933105856,100
final-multiseed-v1,20261021,100,HETEROGENEOUS,SEQUENTIAL,SHORTEST_QUEUE,SCN-B3E03797E2E9,4379.78,13451,24377.18,7.582459244281562,52.198491933105856,100
final-multiseed-v1,20261021,100,HETEROGENEOUS,SEQUENTIAL,ROUND_ROBIN,SCN-B3E03797E2E9,4378.662,13374,24371.59,7.62970498474059,52.52373685995252,100
final-multiseed-v1,20261021,100,HETEROGENEOUS,SEQUENTIAL,LEAST_UTILISED,SCN-B3E03797E2E9,4777.378,18197,26365.17,6.050216799435313,41.650364693623736,100
final-multiseed-v1,20261021,100,HETEROGENEOUS,SEQUENTIAL,RANDOM,SCN-B3E03797E2E9,4450.882,13241,24732.69,7.469654528478058,51.421931735657225,100
final-multiseed-v1,20261022,100,HETEROGENEOUS,SEQUENTIAL,SYSTEM,SCN-EE2DC345DCA3,4327.736,13285,24109.31,7.630351844001695,52.3660449342942,100
final-multiseed-v1,20261022,100,HETEROGENEOUS,SEQUENTIAL,SHORTEST_QUEUE,SCN-EE2DC345DCA3,4327.736,13285,24109.31,7.630351844001695,52.3660449342942,100
final-multiseed-v1,20261022,100,HETEROGENEOUS,SEQUENTIAL,ROUND_ROBIN,SCN-EE2DC345DCA3,4325.968,13245,24100.47,7.624372577673296,52.32501005993604,100
final-multiseed-v1,20261022,100,HETEROGENEOUS,SEQUENTIAL,LEAST_UTILISED,SCN-EE2DC345DCA3,4448.87,16555,24714.98,7.420844327176781,50.92822394459103,100
final-multiseed-v1,20261022,100,HETEROGENEOUS,SEQUENTIAL,RANDOM,SCN-EE2DC345DCA3,4442.774,14010,24684.5,7.34948859808505,50.438519486352405,100
final-multiseed-v1,20261023,100,HETEROGENEOUS,SEQUENTIAL,SYSTEM,SCN-829A8A5534EE,4330.904,13348,24122.68,7.626957055994576,52.290417575898815,100
final-multiseed-v1,20261023,100,HETEROGENEOUS,SEQUENTIAL,SHORTEST_QUEUE,SCN-829A8A5534EE,4330.904,13348,24122.68,7.626957055994576,52.290417575898815,100
final-multiseed-v1,20261023,100,HETEROGENEOUS,SEQUENTIAL,ROUND_ROBIN,SCN-829A8A5534EE,4331.618,13315,24126.25,7.611476414994609,52.18428230120303,100
final-multiseed-v1,20261023,100,HETEROGENEOUS,SEQUENTIAL,LEAST_UTILISED,SCN-829A8A5534EE,4512.73,16790,25031.81,6.6789113374519955,45.79061612957088,100
final-multiseed-v1,20261023,100,HETEROGENEOUS,SEQUENTIAL,RANDOM,SCN-829A8A5534EE,4426.076,14762,24598.54,6.964192443851198,47.74650339504382,100
final-multiseed-v1,20261024,100,HETEROGENEOUS,SEQUENTIAL,SYSTEM,SCN-859242AB7A86,4252.976,13189,23736.67,7.7446002925737885,53.175070992169346,100
final-multiseed-v1,20261024,100,HETEROGENEOUS,SEQUENTIAL,SHORTEST_QUEUE,SCN-859242AB7A86,4252.976,13189,23736.67,7.7446002925737885,53.175070992169346,100
final-multiseed-v1,20261024,100,HETEROGENEOUS,SEQUENTIAL,ROUND_ROBIN,SCN-859242AB7A86,4254.046,13171,23742.02,7.689514492598843,52.79684729905804,100
final-multiseed-v1,20261024,100,HETEROGENEOUS,SEQUENTIAL,LEAST_UTILISED,SCN-859242AB7A86,4409.702,17275,24520.3,7.04390702042733,48.36405259450575,100
final-multiseed-v1,20261024,100,HETEROGENEOUS,SEQUENTIAL,RANDOM,SCN-859242AB7A86,4413.392,14529,24538.75,6.794375766726432,46.65075021232425,100
final-multiseed-v1,20261025,100,HETEROGENEOUS,SEQUENTIAL,SYSTEM,SCN-C314BBA89FD8,4291.382,13047,23924.03,7.797777633374488,53.43903654125241,100
final-multiseed-v1,20261025,100,HETEROGENEOUS,SEQUENTIAL,SHORTEST_QUEUE,SCN-C314BBA89FD8,4291.382,13047,23924.03,7.797777633374488,53.43903654125241,100
final-multiseed-v1,20261025,100,HETEROGENEOUS,SEQUENTIAL,ROUND_ROBIN,SCN-C314BBA89FD8,4293.086,13231,23932.55,7.697077248722499,52.748925616300696,100
final-multiseed-v1,20261025,100,HETEROGENEOUS,SEQUENTIAL,LEAST_UTILISED,SCN-C314BBA89FD8,4385.854,17457,24396.39,7.037985572129577,48.2320971242009,100
final-multiseed-v1,20261025,100,HETEROGENEOUS,SEQUENTIAL,RANDOM,SCN-C314BBA89FD8,4413.564,14875,24534.94,7.4568126268693815,51.1023654666722,100
final-multiseed-v1,20261026,100,HETEROGENEOUS,SEQUENTIAL,SYSTEM,SCN-E03964838181,4330.072,13215,24109.41,7.680655415928825,52.46421027927717,100
final-multiseed-v1,20261026,100,HETEROGENEOUS,SEQUENTIAL,SHORTEST_QUEUE,SCN-E03964838181,4330.072,13215,24109.41,7.680655415928825,52.46421027927717,100
final-multiseed-v1,20261026,100,HETEROGENEOUS,SEQUENTIAL,ROUND_ROBIN,SCN-E03964838181,4330.954,13185,24113.82,7.734118203106537,52.82939824263648,100
final-multiseed-v1,20261026,100,HETEROGENEOUS,SEQUENTIAL,LEAST_UTILISED,SCN-E03964838181,4499.528,16350,24956.69,6.737283377624733,46.02032413818917,100
final-multiseed-v1,20261026,100,HETEROGENEOUS,SEQUENTIAL,RANDOM,SCN-E03964838181,4489.056,16080,24904.33,6.800664953906605,46.453264319177876,100
final-multiseed-v1,20261027,100,HETEROGENEOUS,SEQUENTIAL,SYSTEM,SCN-6842E0D51274,4294.278,13115,23923.2,7.750102258293686,52.78271727196401,100
final-multiseed-v1,20261027,100,HETEROGENEOUS,SEQUENTIAL,SHORTEST_QUEUE,SCN-6842E0D51274,4294.278,13115,23923.2,7.750102258293686,52.78271727196401,100
final-multiseed-v1,20261027,100,HETEROGENEOUS,SEQUENTIAL,ROUND_ROBIN,SCN-6842E0D51274,4294.372,13175,23923.67,7.742101980687757,52.728230714639025,100
final-multiseed-v1,20261027,100,HETEROGENEOUS,SEQUENTIAL,LEAST_UTILISED,SCN-6842E0D51274,4502.98,17270,24966.71,6.564910553093714,44.710870397724165,100
final-multiseed-v1,20261027,100,HETEROGENEOUS,SEQUENTIAL,RANDOM,SCN-6842E0D51274,4408.372,14162,24493.67,7.36542750168791,50.162857785870656,100
final-multiseed-v1,20261028,100,HETEROGENEOUS,SEQUENTIAL,SYSTEM,SCN-4EEAABF80AF4,4385.326,13465,24401.96,7.512207336922499,51.65331163140102,100
final-multiseed-v1,20261028,100,HETEROGENEOUS,SEQUENTIAL,SHORTEST_QUEUE,SCN-4EEAABF80AF4,4385.326,13465,24401.96,7.512207336922499,51.65331163140102,100
final-multiseed-v1,20261028,100,HETEROGENEOUS,SEQUENTIAL,ROUND_ROBIN,SCN-4EEAABF80AF4,4385.45,13414,24402.58,7.403294466037386,50.90443580726756,100
final-multiseed-v1,20261028,100,HETEROGENEOUS,SEQUENTIAL,LEAST_UTILISED,SCN-4EEAABF80AF4,5097.278,18876,27961.72,5.670273590700751,38.988328686859134,100
final-multiseed-v1,20261028,100,HETEROGENEOUS,SEQUENTIAL,RANDOM,SCN-4EEAABF80AF4,4601.624,15491,25483.45,6.953028430160693,47.80844406674907,100
final-multiseed-v1,20261029,100,HETEROGENEOUS,SEQUENTIAL,SYSTEM,SCN-567C43768EB7,4448.3,13600,24720.43,7.512991213974164,51.73383141682492,100
final-multiseed-v1,20261029,100,HETEROGENEOUS,SEQUENTIAL,SHORTEST_QUEUE,SCN-567C43768EB7,4448.3,13600,24720.43,7.512991213974164,51.73383141682492,100
final-multiseed-v1,20261029,100,HETEROGENEOUS,SEQUENTIAL,ROUND_ROBIN,SCN-567C43768EB7,4448.138,13658,24719.62,7.5380041040244565,51.90606809330374,100
final-multiseed-v1,20261029,100,HETEROGENEOUS,SEQUENTIAL,LEAST_UTILISED,SCN-567C43768EB7,4743.606,16256,26196.96,6.343724118486669,43.682355636222674,100
final-multiseed-v1,20261029,100,HETEROGENEOUS,SEQUENTIAL,RANDOM,SCN-567C43768EB7,4539.2,14876,25174.93,6.9593458214927795,47.92147538131415,100
final-multiseed-v1,20261030,100,HETEROGENEOUS,SEQUENTIAL,SYSTEM,SCN-A20EE6A0A3B3,4255.366,13183,23723.95,7.709439780709268,52.40534521158129,100
final-multiseed-v1,20261030,100,HETEROGENEOUS,SEQUENTIAL,SHORTEST_QUEUE,SCN-A20EE6A0A3B3,4255.366,13183,23723.95,7.709439780709268,52.40534521158129,100
final-multiseed-v1,20261030,100,HETEROGENEOUS,SEQUENTIAL,ROUND_ROBIN,SCN-A20EE6A0A3B3,4257.402,13238,23734.13,7.701687953276426,52.35265173394947,100
final-multiseed-v1,20261030,100,HETEROGENEOUS,SEQUENTIAL,LEAST_UTILISED,SCN-A20EE6A0A3B3,4653.208,18057,25713.16,6.110290748001425,41.53504082013681,100
final-multiseed-v1,20261030,100,HETEROGENEOUS,SEQUENTIAL,RANDOM,SCN-A20EE6A0A3B3,4998.204,18632,27438.14,5.978378198847501,40.63835793878805,100
final-multiseed-v1,20261001,100,HETEROGENEOUS,PARTIAL,SYSTEM,SCN-D5B42D88D518,4197.268,13303,23430.33,7.860605266605529,53.36455740425346,100
final-multiseed-v1,20261001,100,HETEROGENEOUS,PARTIAL,SHORTEST_QUEUE,SCN-D5B42D88D518,4239.77,14608,23642.84,7.852375343541421,53.30868559961611,100
final-multiseed-v1,20261001,100,HETEROGENEOUS,PARTIAL,ROUND_ROBIN,SCN-D5B42D88D518,4331.77,16789,24102.84,7.6898429990387696,52.20527608672434,100
final-multiseed-v1,20261001,100,HETEROGENEOUS,PARTIAL,LEAST_UTILISED,SCN-D5B42D88D518,4307.772,18597,23982.85,7.610671853198596,51.667794173607874,100
final-multiseed-v1,20261001,100,HETEROGENEOUS,PARTIAL,RANDOM,SCN-D5B42D88D518,4376.52,17505,24326.59,7.452490373866601,50.593922080072865,100
final-multiseed-v1,20261002,100,HETEROGENEOUS,PARTIAL,SYSTEM,SCN-457EA9446C67,4286.18,13931,23904.46,7.75494377665762,53.2842186894145,100
final-multiseed-v1,20261002,100,HETEROGENEOUS,PARTIAL,SHORTEST_QUEUE,SCN-457EA9446C67,4316.944,15135,24058.28,7.7507696944904945,53.255538570844195,100
final-multiseed-v1,20261002,100,HETEROGENEOUS,PARTIAL,ROUND_ROBIN,SCN-457EA9446C67,4413.702,17051,24542.07,7.416410869162151,50.95815908201314,100
final-multiseed-v1,20261002,100,HETEROGENEOUS,PARTIAL,LEAST_UTILISED,SCN-457EA9446C67,4380.694,26851,24377.03,7.2089390844647365,49.532620449357196,100
final-multiseed-v1,20261002,100,HETEROGENEOUS,PARTIAL,RANDOM,SCN-457EA9446C67,4403.178,16097,24489.45,7.418244760864638,50.97075975190092,100
final-multiseed-v1,20261003,100,HETEROGENEOUS,PARTIAL,SYSTEM,SCN-FA74A92E8A5A,4245.018,13280,23685.64,7.830683227111566,53.52163226241489,100
final-multiseed-v1,20261003,100,HETEROGENEOUS,PARTIAL,SHORTEST_QUEUE,SCN-FA74A92E8A5A,4294.062,15303,23930.86,7.763472860192793,53.06225873929827,100
final-multiseed-v1,20261003,100,HETEROGENEOUS,PARTIAL,ROUND_ROBIN,SCN-FA74A92E8A5A,4394.922,17690,24435.16,7.6034384438295985,51.96844573045811,100
final-multiseed-v1,20261003,100,HETEROGENEOUS,PARTIAL,LEAST_UTILISED,SCN-FA74A92E8A5A,4365.78,28105,24289.45,7.485029940119761,51.15914005322688,100
final-multiseed-v1,20261003,100,HETEROGENEOUS,PARTIAL,RANDOM,SCN-FA74A92E8A5A,4359.508,17278,24258.09,7.427581084426839,50.766485103573494,100
final-multiseed-v1,20261004,100,HETEROGENEOUS,PARTIAL,SYSTEM,SCN-0A46A4F5C22B,4232.338,13308,23619.23,7.843308133074794,53.54234297043509,100
final-multiseed-v1,20261004,100,HETEROGENEOUS,PARTIAL,SHORTEST_QUEUE,SCN-0A46A4F5C22B,4270.224,14819,23808.66,7.758453481606,52.96308269218336,100
final-multiseed-v1,20261004,100,HETEROGENEOUS,PARTIAL,ROUND_ROBIN,SCN-0A46A4F5C22B,4379.854,17426,24356.81,7.67279780046463,52.378354184871796,100
final-multiseed-v1,20261004,100,HETEROGENEOUS,PARTIAL,LEAST_UTILISED,SCN-0A46A4F5C22B,4311.688,25065,24015.98,7.547328036227174,51.5218348393048,100
final-multiseed-v1,20261004,100,HETEROGENEOUS,PARTIAL,RANDOM,SCN-0A46A4F5C22B,4335.626,16129,24135.67,7.490324996879031,51.13270359119471,100
final-multiseed-v1,20261005,100,HETEROGENEOUS,PARTIAL,SYSTEM,SCN-F22A0139448A,4304.238,14185,23991.88,7.594135639700453,52.11876384347643,100
final-multiseed-v1,20261005,100,HETEROGENEOUS,PARTIAL,SHORTEST_QUEUE,SCN-F22A0139448A,4337.314,15461,24157.26,7.695431906115731,52.81396293366966,100
final-multiseed-v1,20261005,100,HETEROGENEOUS,PARTIAL,ROUND_ROBIN,SCN-F22A0139448A,4461.418,17675,24777.78,7.34499010466611,50.408871115826415,100
final-multiseed-v1,20261005,100,HETEROGENEOUS,PARTIAL,LEAST_UTILISED,SCN-F22A0139448A,4387.1,25900,24406.19,7.249587176285795,49.75411816827097,100
final-multiseed-v1,20261005,100,HETEROGENEOUS,PARTIAL,RANDOM,SCN-F22A0139448A,4547.168,19506,25206.53,6.453694740238787,44.29188627155713,100
final-multiseed-v1,20261006,100,HETEROGENEOUS,PARTIAL,SYSTEM,SCN-54DB65ADC35B,4149.054,13057,23207.07,7.875393769688484,53.854567728386414,100
final-multiseed-v1,20261006,100,HETEROGENEOUS,PARTIAL,SHORTEST_QUEUE,SCN-54DB65ADC35B,4178.728,14878,23355.44,7.795244900610627,53.30648304534234,100
final-multiseed-v1,20261006,100,HETEROGENEOUS,PARTIAL,ROUND_ROBIN,SCN-54DB65ADC35B,4283.466,17372,23879.13,7.58645396497587,51.87870103049333,100
final-multiseed-v1,20261006,100,HETEROGENEOUS,PARTIAL,LEAST_UTILISED,SCN-54DB65ADC35B,4298.224,27975,23952.92,7.3844639084326475,50.49742569383192,100
final-multiseed-v1,20261006,100,HETEROGENEOUS,PARTIAL,RANDOM,SCN-54DB65ADC35B,4284.7,18097,23885.3,7.149950347567031,48.89374379344588,100
final-multiseed-v1,20261007,100,HETEROGENEOUS,PARTIAL,SYSTEM,SCN-659135E65EFE,4301.36,13905,24010.04,7.6421763219903625,53.13944848960875,100
final-multiseed-v1,20261007,100,HETEROGENEOUS,PARTIAL,SHORTEST_QUEUE,SCN-659135E65EFE,4332.876,15259,24167.62,7.577830635485297,52.69202433325616,100
final-multiseed-v1,20261007,100,HETEROGENEOUS,PARTIAL,ROUND_ROBIN,SCN-659135E65EFE,4438.042,17895,24693.45,7.342443401998777,51.05527228227616,100
final-multiseed-v1,20261007,100,HETEROGENEOUS,PARTIAL,LEAST_UTILISED,SCN-659135E65EFE,4658.81,20108,25797.29,6.411969008816458,44.58527028230474,100
final-multiseed-v1,20261007,100,HETEROGENEOUS,PARTIAL,RANDOM,SCN-659135E65EFE,4466.344,18030,24834.96,7.096252784293627,49.34339949931994,100
final-multiseed-v1,20261008,100,HETEROGENEOUS,PARTIAL,SYSTEM,SCN-BC971C466D24,4221.334,13336,23555.91,7.837331823921279,53.32085165672487,100
final-multiseed-v1,20261008,100,HETEROGENEOUS,PARTIAL,SHORTEST_QUEUE,SCN-BC971C466D24,4242.472,14509,23661.6,7.831364615284213,53.280254084274176,100
final-multiseed-v1,20261008,100,HETEROGENEOUS,PARTIAL,ROUND_ROBIN,SCN-BC971C466D24,4356.814,17060,24233.31,7.61131548902702,51.783162078734826,100
final-multiseed-v1,20261008,100,HETEROGENEOUS,PARTIAL,LEAST_UTILISED,SCN-BC971C466D24,4374.456,25230,24321.52,7.12391657102149,48.46717061780188,100
final-multiseed-v1,20261008,100,HETEROGENEOUS,PARTIAL,RANDOM,SCN-BC971C466D24,4550.038,17274,25199.43,7.17774897816768,48.833416409131694,100
final-multiseed-v1,20261009,100,HETEROGENEOUS,PARTIAL,SYSTEM,SCN-6EBB8D19A25B,4263.718,14289,23781.94,7.655502392344498,52.38383838383838,100
final-multiseed-v1,20261009,100,HETEROGENEOUS,PARTIAL,SHORTEST_QUEUE,SCN-6EBB8D19A25B,4291.778,14724,23922.24,7.615662879989846,52.11123098728607,100
final-multiseed-v1,20261009,100,HETEROGENEOUS,PARTIAL,ROUND_ROBIN,SCN-6EBB8D19A25B,4395.058,17108,24438.64,7.529805480025099,51.52373980338841,100
final-multiseed-v1,20261009,100,HETEROGENEOUS,PARTIAL,LEAST_UTILISED,SCN-6EBB8D19A25B,4332.43,25041,24125.5,7.5050033355570385,51.35402768512341,100
final-multiseed-v1,20261009,100,HETEROGENEOUS,PARTIAL,RANDOM,SCN-6EBB8D19A25B,4401.008,18905,24468.39,7.680491551459293,52.5548301757979,100
final-multiseed-v1,20261010,100,HETEROGENEOUS,PARTIAL,SYSTEM,SCN-DFED63D50378,4147.136,12802,23180.68,7.9493011239428535,53.989003466778534,100
final-multiseed-v1,20261010,100,HETEROGENEOUS,PARTIAL,SHORTEST_QUEUE,SCN-DFED63D50378,4170.376,15266,23296.88,7.958263330091079,54.04987178353523,100
final-multiseed-v1,20261010,100,HETEROGENEOUS,PARTIAL,ROUND_ROBIN,SCN-DFED63D50378,4272.608,18113,23808.04,7.717538105344396,52.41494629879735,100
final-multiseed-v1,20261010,100,HETEROGENEOUS,PARTIAL,LEAST_UTILISED,SCN-DFED63D50378,4287.008,28409,23880.04,7.536899403328797,51.18810844760808,100
final-multiseed-v1,20261010,100,HETEROGENEOUS,PARTIAL,RANDOM,SCN-DFED63D50378,4323.652,18640,24063.26,7.100871829263482,48.22675450708115,100
final-multiseed-v1,20261011,100,HETEROGENEOUS,PARTIAL,SYSTEM,SCN-D7594117DF56,4335.63,13876,24168.69,7.665935563552734,53.03421988458507,100
final-multiseed-v1,20261011,100,HETEROGENEOUS,PARTIAL,SHORTEST_QUEUE,SCN-D7594117DF56,4362.58,14875,24303.44,7.693294012052827,53.22349019105013,100
final-multiseed-v1,20261011,100,HETEROGENEOUS,PARTIAL,ROUND_ROBIN,SCN-D7594117DF56,4472.138,17887,24851.23,7.471204731762996,51.68703953512504,100
final-multiseed-v1,20261011,100,HETEROGENEOUS,PARTIAL,LEAST_UTILISED,SCN-D7594117DF56,4383.56,27037,24408.34,7.6137300932681935,52.6730537402449,100
final-multiseed-v1,20261011,100,HETEROGENEOUS,PARTIAL,RANDOM,SCN-D7594117DF56,4603.28,19997,25506.94,6.7778740068531835,46.89046202507813,100
final-multiseed-v1,20261012,100,HETEROGENEOUS,PARTIAL,SYSTEM,SCN-2CA3180C000E,4230.406,13108,23610.52,7.849635864114081,53.60625354323842,100
final-multiseed-v1,20261012,100,HETEROGENEOUS,PARTIAL,SHORTEST_QUEUE,SCN-2CA3180C000E,4263.016,15453,23773.57,7.746100053792362,52.899193114577734,100
final-multiseed-v1,20261012,100,HETEROGENEOUS,PARTIAL,ROUND_ROBIN,SCN-2CA3180C000E,4400.082,17959,24458.9,7.515343826980084,51.32332679220074,100
final-multiseed-v1,20261012,100,HETEROGENEOUS,PARTIAL,LEAST_UTILISED,SCN-2CA3180C000E,4404.814,28363,24482.56,7.321984257733845,50.002847438322455,100
final-multiseed-v1,20261012,100,HETEROGENEOUS,PARTIAL,RANDOM,SCN-2CA3180C000E,4585.644,20722,25386.71,6.565748677731169,44.838409629764726,100
final-multiseed-v1,20261013,100,HETEROGENEOUS,PARTIAL,SYSTEM,SCN-1D91EBF96A7B,4207.906,13590,23505.24,7.715057220007716,52.84192704984783,100
final-multiseed-v1,20261013,100,HETEROGENEOUS,PARTIAL,SHORTEST_QUEUE,SCN-1D91EBF96A7B,4240.57,15019,23668.56,7.75494377665762,53.11511783206238,100
final-multiseed-v1,20261013,100,HETEROGENEOUS,PARTIAL,ROUND_ROBIN,SCN-1D91EBF96A7B,4333.428,17366,24132.85,7.582459244281562,51.933737731159695,100
final-multiseed-v1,20261013,100,HETEROGENEOUS,PARTIAL,LEAST_UTILISED,SCN-1D91EBF96A7B,4288.136,25309,23906.39,7.173744096606421,49.13436821234283,100
final-multiseed-v1,20261013,100,HETEROGENEOUS,PARTIAL,RANDOM,SCN-1D91EBF96A7B,4301.514,15172,23973.28,7.536426059286552,51.618447496231795,100
final-multiseed-v1,20261014,100,HETEROGENEOUS,PARTIAL,SYSTEM,SCN-C03DE61BCEB6,4138.04,12392,23134.37,7.919572343093473,53.76883648282993,100
final-multiseed-v1,20261014,100,HETEROGENEOUS,PARTIAL,SHORTEST_QUEUE,SCN-C03DE61BCEB6,4164.608,14591,23267.21,7.973951757591866,54.13803796487032,100
final-multiseed-v1,20261014,100,HETEROGENEOUS,PARTIAL,ROUND_ROBIN,SCN-C03DE61BCEB6,4279.84,17730,23843.37,7.758453481606,52.67494235038039,100
final-multiseed-v1,20261014,100,HETEROGENEOUS,PARTIAL,LEAST_UTILISED,SCN-C03DE61BCEB6,4320.156,24861,24044.95,7.522096157462546,51.07022712551453,100
final-multiseed-v1,20261014,100,HETEROGENEOUS,PARTIAL,RANDOM,SCN-C03DE61BCEB6,4294.55,16310,23916.92,7.588692847656991,51.52237610404941,100
final-multiseed-v1,20261015,100,HETEROGENEOUS,PARTIAL,SYSTEM,SCN-AD2FC88080F8,4319.664,13907,24085.68,7.585974376264329,52.41402562373567,100
final-multiseed-v1,20261015,100,HETEROGENEOUS,PARTIAL,SHORTEST_QUEUE,SCN-AD2FC88080F8,4344.638,15316,24210.55,7.687544043221081,53.11580430929553,100
final-multiseed-v1,20261015,100,HETEROGENEOUS,PARTIAL,ROUND_ROBIN,SCN-AD2FC88080F8,4453.292,17722,24753.82,7.463924365566429,51.57074141648699,100
final-multiseed-v1,20261015,100,HETEROGENEOUS,PARTIAL,LEAST_UTILISED,SCN-AD2FC88080F8,4441.25,27460,24693.61,7.128289408549987,49.25172762014138,100
final-multiseed-v1,20261015,100,HETEROGENEOUS,PARTIAL,RANDOM,SCN-AD2FC88080F8,4433.122,19016,24652.97,7.051219273332681,48.71922436587993,100
final-multiseed-v1,20261016,100,HETEROGENEOUS,PARTIAL,SYSTEM,SCN-BCEFF635624F,4256.782,13053,23751.12,7.727809380701943,52.961468283782345,100
final-multiseed-v1,20261016,100,HETEROGENEOUS,PARTIAL,SHORTEST_QUEUE,SCN-BCEFF635624F,4275.058,15316,23842.5,7.80284803953443,53.47573531005484,100
final-multiseed-v1,20261016,100,HETEROGENEOUS,PARTIAL,ROUND_ROBIN,SCN-BCEFF635624F,4392.576,18432,24430.09,7.606973058637084,52.13333333333334,100
final-multiseed-v1,20261016,100,HETEROGENEOUS,PARTIAL,LEAST_UTILISED,SCN-BCEFF635624F,4313.078,26723,24032.6,7.67819818282643,52.62146482958666,100
final-multiseed-v1,20261016,100,HETEROGENEOUS,PARTIAL,RANDOM,SCN-BCEFF635624F,4471.134,18201,24822.88,7.094434810026801,48.620723632350625,100
final-multiseed-v1,20261017,100,HETEROGENEOUS,PARTIAL,SYSTEM,SCN-F6247427C100,4211.854,12613,23525.33,7.860605266605529,53.84645617712564,100
final-multiseed-v1,20261017,100,HETEROGENEOUS,PARTIAL,SHORTEST_QUEUE,SCN-F6247427C100,4245.938,15314,23695.75,7.851176586046714,53.781868143851,100
final-multiseed-v1,20261017,100,HETEROGENEOUS,PARTIAL,ROUND_ROBIN,SCN-F6247427C100,4360.204,18141,24267.08,7.710760795065113,52.81999657299521,100
final-multiseed-v1,20261017,100,HETEROGENEOUS,PARTIAL,LEAST_UTILISED,SCN-F6247427C100,4426.448,26727,24598.3,7.213416955537299,49.41310838158975,100
final-multiseed-v1,20261017,100,HETEROGENEOUS,PARTIAL,RANDOM,SCN-F6247427C100,4475.3,19194,24842.56,6.789378394689197,46.508373566686785,100
final-multiseed-v1,20261018,100,HETEROGENEOUS,PARTIAL,SYSTEM,SCN-78894B1C5FC5,4347.324,14035,24225.24,7.654362986902535,52.91333560129273,100
final-multiseed-v1,20261018,100,HETEROGENEOUS,PARTIAL,SHORTEST_QUEUE,SCN-78894B1C5FC5,4384.438,15145,24410.81,7.532799062585005,52.07298445313971,100
final-multiseed-v1,20261018,100,HETEROGENEOUS,PARTIAL,ROUND_ROBIN,SCN-78894B1C5FC5,4509.95,17881,25038.37,7.464698198104796,51.602214527132105,100
final-multiseed-v1,20261018,100,HETEROGENEOUS,PARTIAL,LEAST_UTILISED,SCN-78894B1C5FC5,4810.922,17527,26543.23,6.030554811042617,41.688220316269096,100
final-multiseed-v1,20261018,100,HETEROGENEOUS,PARTIAL,RANDOM,SCN-78894B1C5FC5,4583.976,18401,25408.5,6.941364749436014,47.98449761872625,100
final-multiseed-v1,20261019,100,HETEROGENEOUS,PARTIAL,SYSTEM,SCN-990F07BE2A98,4224.338,12854,23577.16,7.865757734661773,53.65036706869429,100
final-multiseed-v1,20261019,100,HETEROGENEOUS,PARTIAL,SHORTEST_QUEUE,SCN-990F07BE2A98,4264.982,15711,23780.38,7.900627660975289,53.8882061185972,100
final-multiseed-v1,20261019,100,HETEROGENEOUS,PARTIAL,ROUND_ROBIN,SCN-990F07BE2A98,4388.698,17882,24398.96,7.628249952323437,52.0303858623101,100
final-multiseed-v1,20261019,100,HETEROGENEOUS,PARTIAL,LEAST_UTILISED,SCN-990F07BE2A98,4350.494,25075,24207.94,7.615823989845567,51.94563147873915,100
final-multiseed-v1,20261019,100,HETEROGENEOUS,PARTIAL,RANDOM,SCN-990F07BE2A98,4605.948,18163,25485.21,7.158907868832899,48.829120846342,100
final-multiseed-v1,20261020,100,HETEROGENEOUS,PARTIAL,SYSTEM,SCN-71627066BC76,4143.21,12762,23174.47,7.878323667797352,53.80063464273991,100
final-multiseed-v1,20261020,100,HETEROGENEOUS,PARTIAL,SHORTEST_QUEUE,SCN-71627066BC76,4189.866,14986,23407.75,7.8506629448709,53.611741102581995,100
final-multiseed-v1,20261020,100,HETEROGENEOUS,PARTIAL,ROUND_ROBIN,SCN-71627066BC76,4274.784,17720,23832.34,7.692143330270722,52.52921946112262,100
final-multiseed-v1,20261020,100,HETEROGENEOUS,PARTIAL,LEAST_UTILISED,SCN-71627066BC76,4264.862,28316,23782.73,7.540056550424128,51.490627290815794,100
final-multiseed-v1,20261020,100,HETEROGENEOUS,PARTIAL,RANDOM,SCN-71627066BC76,4402.084,19634,24468.84,7.2523620540300975,49.52597755796854,100
final-multiseed-v1,20261021,100,HETEROGENEOUS,PARTIAL,SYSTEM,SCN-E4085408850B,4272.528,13190,23840.92,7.6923076923076925,52.95470085470087,100
final-multiseed-v1,20261021,100,HETEROGENEOUS,PARTIAL,SHORTEST_QUEUE,SCN-E4085408850B,4303.758,15474,23997.07,7.737442775162809,53.26541578008467,100
final-multiseed-v1,20261021,100,HETEROGENEOUS,PARTIAL,ROUND_ROBIN,SCN-E4085408850B,4422.922,17640,24592.89,7.550018875047188,51.97516882681096,100
final-multiseed-v1,20261021,100,HETEROGENEOUS,PARTIAL,LEAST_UTILISED,SCN-E4085408850B,4352.082,25025,24238.69,7.3452898328946565,50.565791352961575,100
final-multiseed-v1,20261021,100,HETEROGENEOUS,PARTIAL,RANDOM,SCN-E4085408850B,4404.604,16568,24501.3,7.425436244379357,51.117528154779095,100
final-multiseed-v1,20261022,100,HETEROGENEOUS,PARTIAL,SYSTEM,SCN-ABB193C58F51,4235.184,12968,23646.55,7.746766800800499,53.16498461406038,100
final-multiseed-v1,20261022,100,HETEROGENEOUS,PARTIAL,SHORTEST_QUEUE,SCN-ABB193C58F51,4266.666,15497,23803.96,7.7661525186064075,53.29802610290152,100
final-multiseed-v1,20261022,100,HETEROGENEOUS,PARTIAL,ROUND_ROBIN,SCN-ABB193C58F51,4361.442,18300,24277.84,7.634073414339334,52.39158555463664,100
final-multiseed-v1,20261022,100,HETEROGENEOUS,PARTIAL,LEAST_UTILISED,SCN-ABB193C58F51,4487.484,21237,24908.05,7.319751128461632,50.23443536253101,100
final-multiseed-v1,20261022,100,HETEROGENEOUS,PARTIAL,RANDOM,SCN-ABB193C58F51,4379.194,18411,24366.6,7.092058864088572,48.671814976064304,100
final-multiseed-v1,20261023,100,HETEROGENEOUS,PARTIAL,SYSTEM,SCN-D653E3AD9E17,4234.258,13968,23639.45,7.7429345722028655,53.08555942702285,100
final-multiseed-v1,20261023,100,HETEROGENEOUS,PARTIAL,SHORTEST_QUEUE,SCN-D653E3AD9E17,4272.534,14861,23830.83,7.779914853154107,53.339096233224566,100
final-multiseed-v1,20261023,100,HETEROGENEOUS,PARTIAL,ROUND_ROBIN,SCN-D653E3AD9E17,4375.6,17281,24346.16,7.4929753356228534,51.37183890103029,100
final-multiseed-v1,20261023,100,HETEROGENEOUS,PARTIAL,LEAST_UTILISED,SCN-D653E3AD9E17,4330.41,23636,24120.21,7.484096295372334,51.31096420107273,100
final-multiseed-v1,20261023,100,HETEROGENEOUS,PARTIAL,RANDOM,SCN-D653E3AD9E17,4306.814,15649,24002.23,7.7681634766847205,53.258528796150436,100
final-multiseed-v1,20261024,100,HETEROGENEOUS,PARTIAL,SYSTEM,SCN-DACE8FC0EB84,4177.9,12984,23361.29,7.75360758130519,53.23691578720654,100
final-multiseed-v1,20261024,100,HETEROGENEOUS,PARTIAL,SHORTEST_QUEUE,SCN-DACE8FC0EB84,4202.776,15877,23485.67,7.8635241694152604,53.99161224088596,100
final-multiseed-v1,20261024,100,HETEROGENEOUS,PARTIAL,ROUND_ROBIN,SCN-DACE8FC0EB84,4307.68,18268,24010.19,7.672307233280764,52.67870082264183,100
final-multiseed-v1,20261024,100,HETEROGENEOUS,PARTIAL,LEAST_UTILISED,SCN-DACE8FC0EB84,4322.76,19513,24085.59,7.423445716053202,50.96999690689762,100
final-multiseed-v1,20261024,100,HETEROGENEOUS,PARTIAL,RANDOM,SCN-DACE8FC0EB84,4405.03,18925,24496.94,7.112937643246661,48.838022603335176,100
final-multiseed-v1,20261025,100,HETEROGENEOUS,PARTIAL,SYSTEM,SCN-5B0E2C1FCC6E,4221.696,12758,23575.6,7.906874588183615,54.18669009444322,100
final-multiseed-v1,20261025,100,HETEROGENEOUS,PARTIAL,SHORTEST_QUEUE,SCN-5B0E2C1FCC6E,4228.336,15483,23608.8,7.9412348620210444,54.422164868859326,100
final-multiseed-v1,20261025,100,HETEROGENEOUS,PARTIAL,ROUND_ROBIN,SCN-5B0E2C1FCC6E,4348.624,17771,24210.24,7.699546582256823,52.76584823338182,100
final-multiseed-v1,20261025,100,HETEROGENEOUS,PARTIAL,LEAST_UTILISED,SCN-5B0E2C1FCC6E,4265.784,17995,23796.04,7.7451001484477535,53.07803188399561,100
final-multiseed-v1,20261025,100,HETEROGENEOUS,PARTIAL,RANDOM,SCN-5B0E2C1FCC6E,4327.948,20104,24106.86,7.702511874705806,52.786169712011635,100
final-multiseed-v1,20261026,100,HETEROGENEOUS,PARTIAL,SYSTEM,SCN-0A75A249E56B,4239.312,13155,23655.61,7.736943907156673,52.84869976359338,100
final-multiseed-v1,20261026,100,HETEROGENEOUS,PARTIAL,SHORTEST_QUEUE,SCN-0A75A249E56B,4277.922,15719,23848.66,7.700370045560523,52.59887489037667,100
final-multiseed-v1,20261026,100,HETEROGENEOUS,PARTIAL,ROUND_ROBIN,SCN-0A75A249E56B,4372.38,17501,24320.95,7.694280584765325,52.55727964435325,100
final-multiseed-v1,20261026,100,HETEROGENEOUS,PARTIAL,LEAST_UTILISED,SCN-0A75A249E56B,4359.508,26667,24256.59,7.52823086574655,51.423044751150144,100
final-multiseed-v1,20261026,100,HETEROGENEOUS,PARTIAL,RANDOM,SCN-0A75A249E56B,4484.972,19140,24883.91,6.974851784399582,47.643081334521646,100
final-multiseed-v1,20261027,100,HETEROGENEOUS,PARTIAL,SYSTEM,SCN-27106B9D4208,4193.714,12834,23420.38,7.828129077150561,53.31412542402366,100
final-multiseed-v1,20261027,100,HETEROGENEOUS,PARTIAL,SHORTEST_QUEUE,SCN-27106B9D4208,4222.606,15207,23564.84,7.8810832111035705,53.674773966155136,100
final-multiseed-v1,20261027,100,HETEROGENEOUS,PARTIAL,ROUND_ROBIN,SCN-27106B9D4208,4320.228,17243,24052.95,7.640067911714771,52.03331918505942,100
final-multiseed-v1,20261027,100,HETEROGENEOUS,PARTIAL,LEAST_UTILISED,SCN-27106B9D4208,4302.468,25892,23964.15,7.388101052804401,50.3172778952121,100
final-multiseed-v1,20261027,100,HETEROGENEOUS,PARTIAL,RANDOM,SCN-27106B9D4208,4447.31,17545,24688.36,6.993142834942404,47.62738203927815,100
final-multiseed-v1,20261028,100,HETEROGENEOUS,PARTIAL,SYSTEM,SCN-F6C72269D4F9,4294.748,13991,23949.07,7.589172780166963,52.182519605363005,100
final-multiseed-v1,20261028,100,HETEROGENEOUS,PARTIAL,SHORTEST_QUEUE,SCN-F6C72269D4F9,4317.548,15761,24063.07,7.689186014224994,52.87020226830987,100
final-multiseed-v1,20261028,100,HETEROGENEOUS,PARTIAL,ROUND_ROBIN,SCN-F6C72269D4F9,4443.348,18094,24692.07,7.4645434187608855,51.32557850211496,100
final-multiseed-v1,20261028,100,HETEROGENEOUS,PARTIAL,LEAST_UTILISED,SCN-F6C72269D4F9,4461.83,20423,24784.48,7.247397982807562,49.83250457995289,100
final-multiseed-v1,20261028,100,HETEROGENEOUS,PARTIAL,RANDOM,SCN-F6C72269D4F9,4471.518,17538,24832.92,6.849445385186171,47.09621568142468,100
final-multiseed-v1,20261029,100,HETEROGENEOUS,PARTIAL,SYSTEM,SCN-3B22F934DA41,4350.72,14271,24232.53,7.6608784473953015,52.75217058222677,100
final-multiseed-v1,20261029,100,HETEROGENEOUS,PARTIAL,SHORTEST_QUEUE,SCN-3B22F934DA41,4376.53,15246,24361.58,7.613891121356965,52.428619770737285,100
final-multiseed-v1,20261029,100,HETEROGENEOUS,PARTIAL,ROUND_ROBIN,SCN-3B22F934DA41,4501.032,17879,24984.09,7.457584985395563,51.3523087440184,100
final-multiseed-v1,20261029,100,HETEROGENEOUS,PARTIAL,LEAST_UTILISED,SCN-3B22F934DA41,4518.614,18579,25072,7.2830265021242155,50.15031357475218,100
final-multiseed-v1,20261029,100,HETEROGENEOUS,PARTIAL,RANDOM,SCN-3B22F934DA41,4458.026,17575,24769.06,7.164321678043344,49.33292204819996,100
final-multiseed-v1,20261030,100,HETEROGENEOUS,PARTIAL,SYSTEM,SCN-FE7B74AE025B,4158.164,13288,23237.94,7.797946540744271,53.00697482996145,100
final-multiseed-v1,20261030,100,HETEROGENEOUS,PARTIAL,SHORTEST_QUEUE,SCN-FE7B74AE025B,4174.452,14915,23319.38,7.761799012526681,52.761259998706365,100
final-multiseed-v1,20261030,100,HETEROGENEOUS,PARTIAL,ROUND_ROBIN,SCN-FE7B74AE025B,4298.034,17791,23937.29,7.615985106518014,51.7700818718399,100
final-multiseed-v1,20261030,100,HETEROGENEOUS,PARTIAL,LEAST_UTILISED,SCN-FE7B74AE025B,4254.572,25193,23719.98,7.3117231294175,49.701844179055975,100
final-multiseed-v1,20261030,100,HETEROGENEOUS,PARTIAL,RANDOM,SCN-FE7B74AE025B,4355.616,18802,24225.2,6.936683494546997,47.152491425488456,100
